[{
	"url": "http://ninghao.net/course/4101",
	"img": "http://ninghao.net/files/styles/course_cover/public/showcase/rails-showcase.jpg?itok=hgQfOKTl",
	"h3": "Ruby on Rails：起步",
	"p": "Ruby on Rails：Getting Started"
}, {
	"url": "http://ninghao.net/course/4065",
	"img": "http://ninghao.net/files/styles/course_cover/public/showcase/nodejs-test-showcase.jpg?itok=6ZTajLlM",
	"h3": "Node.js：测试",
	"p": "Node.js：Testing"
}, {
	"url": "http://ninghao.net/course/4032",
	"img": "http://ninghao.net/files/styles/course_cover/public/showcase/ansible-showcase.jpg?itok=1Wn34W2Z",
	"h3": "Ansible：自动化配置",
	"p": "Ansible：Configuration Automation"
}, {
	"url": "http://ninghao.net/course/4020",
	"img": "http://ninghao.net/files/styles/course_cover/public/showcase/regex-showcase.jpg?itok=h-K4Vm-n",
	"h3": "正则表达式",
	"p": "Regular Expression"
}, {
	"url": "http://ninghao.net/course/3996",
	"img": "http://ninghao.net/files/styles/course_cover/public/showcase/nginx-showcase.jpg?itok=jOztrVgm",
	"h3": "NGINX：Web 服务器",
	"p": "NGINX：Web Server"
}, {
	"url": "http://ninghao.net/course/2025",
	"img": "http://ninghao.net/files/styles/course_cover/public/showcase/atom-showcase.jpg?itok=-IjqMAqD",
	"h3": "Atom\b：代码编辑器",
	"p": "Atom Editor"
}, {
	"url": "http://ninghao.net/course/1569",
	"img": "http://ninghao.net/files/styles/course_cover/public/showcase/vagrant-showcase.jpg?itok=Gr7koH7g",
	"h3": "Vagrant：虚拟机管理",
	"p": "Vagrant: Virtual Machine Manager"
}, {
	"url": "http://ninghao.net/course/3968",
	"img": "http://ninghao.net/files/styles/course_cover/public/showcase/aliyun-vpc-showcase.jpg?itok=in_SYmC-",
	"h3": "阿里云：专有网络",
	"p": "Aliyun VPC"
}, {
	"url": "http://ninghao.net/course/3969",
	"img": "http://ninghao.net/files/styles/course_cover/public/showcase/aliyun-ros-showcase.jpg?itok=kIFNYOvv",
	"h3": "阿里云：资源编排",
	"p": "Aliyun ROS"
}, {
	"url": "http://ninghao.net/course/3959",
	"img": "http://ninghao.net/files/styles/course_cover/public/showcase/wordpress-widget-showcase.jpg?itok=pGpXnuKv",
	"h3": "WordPress 开发：小工具",
	"p": "WordPress Development：Widget"
}, {
	"url": "http://ninghao.net/course/3950",
	"img": "http://ninghao.net/files/styles/course_cover/public/showcase/wordpress-shortcode-showcase.jpg?itok=J7xUszpc",
	"h3": "WordPress 开发：短代码",
	"p": "WordPress Development：Shortcode"
}, {
	"url": "http://ninghao.net/course/3939",
	"img": "http://ninghao.net/files/styles/course_cover/public/showcase/wordpress-script-showcase.jpg?itok=T_14eAP9",
	"h3": "WordPress 开发：脚本与样式",
	"p": "WordPress Development：JS and CSS"
}, {
	"url": "http://ninghao.net/course/3898",
	"img": "http://ninghao.net/files/styles/course_cover/public/showcase/mongo-showcase.jpg?itok=J_waDF4o",
	"h3": "MongoDB",
	"p": "MongoDB"
}, {
	"url": "http://ninghao.net/course/3912",
	"img": "http://ninghao.net/files/styles/course_cover/public/showcase/nodejs-showcase.jpg?itok=sE-kKbu1",
	"h3": "Node.js",
	"p": "Node.js"
}, {
	"url": "http://ninghao.net/course/3883",
	"img": "http://ninghao.net/files/styles/course_cover/public/showcase/wordpress-cron-showcase.jpg?itok=_E85CmYE",
	"h3": "WordPress 开发：计划任务",
	"p": "WordPress Development：Cron"
}, {
	"url": "http://ninghao.net/course/3870",
	"img": "http://ninghao.net/files/styles/course_cover/public/showcase/docker-swarm-showcase.jpg?itok=cINw4qsU",
	"h3": "Docker：集群",
	"p": "Docker：Swarm"
}, {
	"url": "http://ninghao.net/course/3857",
	"img": "http://ninghao.net/files/styles/course_cover/public/showcase/wordpress-dev-settings-api-showcase.jpg?itok=3HnkMeru",
	"h3": "WordPress 开发：设置",
	"p": "WordPress Development：Settings API"
}, {
	"url": "http://ninghao.net/course/3840",
	"img": "http://ninghao.net/files/styles/course_cover/public/showcase/docker-app-showcase.jpg?itok=dIXpkn86",
	"h3": "Docker 容器化应用",
	"p": "Docker Compose App"
}, {
	"url": "http://ninghao.net/course/3826",
	"img": "http://ninghao.net/files/styles/course_cover/public/showcase/docker-compose-showcase.jpg?itok=orvQkIeA",
	"h3": "Docker：组合",
	"p": "Docker：Compose"
}, {
	"url": "http://ninghao.net/course/3814",
	"img": "http://ninghao.net/files/styles/course_cover/public/showcase/docker-network-showcase.jpg?itok=FOEAxHA4",
	"h3": "Docker：网络",
	"p": "Docker：Network"
}, {
	"url": "http://ninghao.net/course/3808",
	"img": "http://ninghao.net/files/styles/course_cover/public/showcase/docker-storage-showcase.jpg?itok=6ktTKN58",
	"h3": "Docker：存储",
	"p": "Docker：Data Volumes"
}, {
	"url": "http://ninghao.net/course/3781",
	"img": "http://ninghao.net/files/styles/course_cover/public/showcase/swift-showcase.jpg?itok=UXMuRSGf",
	"h3": "Swift 语言",
	"p": "Swift Language"
}, {
	"url": "http://ninghao.net/course/3764",
	"img": "http://ninghao.net/files/styles/course_cover/public/showcase/docker-showcase.jpg?itok=_6Ga3Vq3",
	"h3": "Docker：镜像与容器",
	"p": "Docker：Image and Container"
}, {
	"url": "http://ninghao.net/course/3740",
	"img": "http://ninghao.net/files/styles/course_cover/public/showcase/drupal8-dev-multilingual-showcase.jpg?itok=vmBfId3g",
	"h3": "Drupal 8：多语言",
	"p": "Drupal 8：Multilingual"
}, {
	"url": "http://ninghao.net/course/3754",
	"img": "http://ninghao.net/files/styles/course_cover/public/showcase/plyr-showcase.jpg?itok=J62DfcfC",
	"h3": "Plyr 播放器",
	"p": "Plyr Player"
}, {
	"url": "http://ninghao.net/course/3730",
	"img": "http://ninghao.net/files/styles/course_cover/public/showcase/mixitup-showcase.jpg?itok=DwRCzl6T",
	"h3": "MixItUp：动画过滤与排序",
	"p": "MixItUp：Animated Filtering and Sorting"
}, {
	"url": "http://ninghao.net/course/3719",
	"img": "http://ninghao.net/files/styles/course_cover/public/showcase/drupal8-dev-block-showcase.jpg?itok=ms3eoX1W",
	"h3": "Drupal 8 开发：区块",
	"p": "Drupal 8 Development：Block API"
}, {
	"url": "http://ninghao.net/course/3708",
	"img": "http://ninghao.net/files/styles/course_cover/public/showcase/drupal8-dev-form-api-showcase.jpg?itok=-rLVBvOM",
	"h3": "Drupal 8 开发：表单",
	"p": "Drupal 8 Development：Form API"
}, {
	"url": "http://ninghao.net/course/3698",
	"img": "http://ninghao.net/files/styles/course_cover/public/showcase/wp-dev-hooks-showcase.jpg?itok=wgCzHxQ9",
	"h3": "WordPress 开发：钩子",
	"p": "WordPress Development：Hooks"
}, {
	"url": "http://ninghao.net/course/3687",
	"img": "http://ninghao.net/files/styles/course_cover/public/showcase/drupal8-dev-ams-showcase.jpg?itok=5fwu7yvi",
	"h3": "Drupal 8 开发：资源管理",
	"p": "Drupal 8 Development：Asset Management"
}, {
	"url": "http://ninghao.net/course/3676",
	"img": "http://ninghao.net/files/styles/course_cover/public/showcase/drupal-8-dev-1-showcase.jpg?itok=XVD38_z2",
	"h3": "Drupal 8 开发：控制器与路由",
	"p": "Drupal 8 Development"
}, {
	"url": "http://ninghao.net/course/740",
	"img": "http://ninghao.net/files/styles/course_cover/public/showcase/wordpress-custom-showcase.jpg?itok=SfMowp4Z",
	"h3": "WordPress 自定义内容类型",
	"p": "WordPress Custom Post Type"
}, {
	"url": "http://ninghao.net/course/1775",
	"img": "http://ninghao.net/files/styles/course_cover/public/showcase/woocommerce-showcase.jpg?itok=scd6hUmt",
	"h3": "WordPress 电子商务网站",
	"p": "WordPress WooCommerce E-Commerce"
}, {
	"url": "http://ninghao.net/course/1767",
	"img": "http://ninghao.net/files/styles/course_cover/public/showcase/wp-cli-showcase.jpg?itok=DIt_xqpX",
	"h3": "WordPress 日常维护",
	"p": "WordPress Daily Maintenance"
}, {
	"url": "http://ninghao.net/course/3631",
	"img": "http://ninghao.net/files/styles/course_cover/public/showcase/aliyun-mail-showcase.jpg?itok=0rifEnY8",
	"h3": "阿里云邮件推送",
	"p": "Aliyun Direct Mail"
}, {
	"url": "http://ninghao.net/course/3604",
	"img": "http://ninghao.net/files/styles/course_cover/public/showcase/aliyun-slb-showcase.jpg?itok=0jdZn0x3",
	"h3": "阿里云 SLB：负载均衡",
	"p": "Aliyun Server Load Balancer"
}, {
	"url": "http://ninghao.net/course/3594",
	"img": "http://ninghao.net/files/styles/course_cover/public/showcase/aliyun-rds-showcase.jpg?itok=iTbDft-b",
	"h3": "阿里云 RDS：关系数据库",
	"p": "Aliyun Relational Database Service"
}, {
	"url": "http://ninghao.net/course/2522",
	"img": "http://ninghao.net/files/styles/course_cover/public/showcase/web-stack-showcase_29.jpg?itok=p9bu0dL-",
	"h3": "LEMP 网站应用运行环境",
	"p": "LEMP Stack"
}, {
	"url": "http://ninghao.net/course/1584",
	"img": "http://ninghao.net/files/styles/course_cover/public/showcase/aliyun-ecs-showcase.jpg?itok=wbST8nP2",
	"h3": "阿里云 ECS：Linux 服务器",
	"p": "Aliyun Elastic Compute Service"
}, {
	"url": "http://ninghao.net/course/3528",
	"img": "http://ninghao.net/files/styles/course_cover/public/showcase/iptables-showcase.jpg?itok=Bla1fcsj",
	"h3": "iptables 防火墙",
	"p": "iptables Firewall"
}, {
	"url": "http://ninghao.net/course/3518",
	"img": "http://ninghao.net/files/styles/course_cover/public/showcase/systemd-showcase.jpg?itok=o5lPmYhJ",
	"h3": "systemctl：Linux 服务管理",
	"p": "systemctl：System Manager"
}, {
	"url": "http://ninghao.net/course/3507",
	"img": "http://ninghao.net/files/styles/course_cover/public/showcase/yum-showcase.jpg?itok=k-AXUVha",
	"h3": "yum：CentOS 包管理工具",
	"p": "yum：CentOS Package Manager"
}, {
	"url": "http://ninghao.net/course/3501",
	"img": "http://ninghao.net/files/styles/course_cover/public/showcase/cli-showcase.jpg?itok=cG1mLKie",
	"h3": "命令行",
	"p": "Command Line Interface"
}, {
	"url": "http://ninghao.net/course/3455",
	"img": "http://ninghao.net/files/styles/course_cover/public/showcase/css-showcase_0.jpg?itok=ArEJPZj6",
	"h3": "CSS：样式语言",
	"p": "CSS Language"
}, {
	"url": "http://ninghao.net/course/3480",
	"img": "http://ninghao.net/files/styles/course_cover/public/showcase/html-showcase_0.jpg?itok=cLwYp-WS",
	"h3": "HTML：标记语言",
	"p": "HTML Markup Language"
}, {
	"url": "http://ninghao.net/course/3443",
	"img": "http://ninghao.net/files/styles/course_cover/public/showcase/webpack-showcase.jpg?itok=XXlNjSni",
	"h3": "webpack：模块打包",
	"p": "webpack：Module Bundle"
}, {
	"url": "http://ninghao.net/course/3432",
	"img": "http://ninghao.net/files/styles/course_cover/public/showcase/babel-showcase.jpg?itok=BXg_nWQ3",
	"h3": "Babel：JavaScript 编译工具",
	"p": "Babel：JavaScript Compiler"
}, {
	"url": "http://ninghao.net/course/3421",
	"img": "http://ninghao.net/files/styles/course_cover/public/showcase/npm-showcase.jpg?itok=iEBA-qcc",
	"h3": "npm：JavaScript 包管理",
	"p": "npm：JavaScript Package Manager"
}, {
	"url": "http://ninghao.net/course/3389",
	"img": "http://ninghao.net/files/styles/course_cover/public/showcase/react-native-components-showcase.jpg?itok=LjNeI52M",
	"h3": "React Native 组件",
	"p": "React Native Components"
}, {
	"url": "http://ninghao.net/course/3371",
	"img": "http://ninghao.net/files/styles/course_cover/public/showcase/drupal-8-react-native-showcase.jpg?itok=Sq5jRum9",
	"h3": "Drupal 8 与 React Native",
	"p": "Drupal 8 &amp; React Native"
}, {
	"url": "http://ninghao.net/course/3355",
	"img": "http://ninghao.net/files/styles/course_cover/public/showcase/wordpress-react-native-showcase.jpg?itok=FfwJhpCp",
	"h3": "WordPress 与 React Native",
	"p": "WordPress &amp; React Native"
}, {
	"url": "http://ninghao.net/course/3335",
	"img": "http://ninghao.net/files/styles/course_cover/public/showcase/drupal-8-rest-showcase.jpg?itok=GLKQSX5F",
	"h3": "Drupal 8：REST 接口",
	"p": "Drupal 8 REST API"
}, {
	"url": "http://ninghao.net/course/3315",
	"img": "http://ninghao.net/files/styles/course_cover/public/showcase/wordpress-rest-showcase.jpg?itok=kbX1YbNH",
	"h3": "WordPress REST 接口",
	"p": "WordPress REST API"
}, {
	"url": "http://ninghao.net/course/3294",
	"img": "http://ninghao.net/files/styles/course_cover/public/showcase/laravel-5-blade-showcase.jpg?itok=Zqr3_vJU",
	"h3": "Laravel 5：模板",
	"p": "Laravel 5：Blade"
}, {
	"url": "http://ninghao.net/course/3281",
	"img": "http://ninghao.net/files/styles/course_cover/public/showcase/laravel-5-views-showcase.jpg?itok=Xfur1NIE",
	"h3": "Laravel 5：视图",
	"p": "Laravel 5：Views"
}, {
	"url": "http://ninghao.net/course/3258",
	"img": "http://ninghao.net/files/styles/course_cover/public/showcase/laravel-5-controllers-showcase.jpg?itok=RiVyFYWx",
	"h3": "Laravel 5：控制器",
	"p": "Laravel 5：Controllers"
}, {
	"url": "http://ninghao.net/course/3244",
	"img": "http://ninghao.net/files/styles/course_cover/public/showcase/react-native-oauth-part-1-showcase.jpg?itok=filJe5ik",
	"h3": "React 本地应用 #6：oAuth",
	"p": "React Native App #6：oAuth"
}, {
	"url": "http://ninghao.net/course/3225",
	"img": "http://ninghao.net/files/styles/course_cover/public/showcase/laravel-5-routes-showcase.jpg?itok=m6M7kP83",
	"h3": "Laravel 5：路由",
	"p": "Laravel 5：Routes"
}, {
	"url": "http://ninghao.net/course/3203",
	"img": "http://ninghao.net/files/styles/course_cover/public/showcase/drupal-8-views-part-2-showcase.jpg?itok=PlrL6Iac",
	"h3": "Drupal 8：视图（下）",
	"p": "Drupal 8 Views Part 2"
}, {
	"url": "http://ninghao.net/course/3193",
	"img": "http://ninghao.net/files/styles/course_cover/public/showcase/oauth-workflow-showcase.jpg?itok=dIRKBBqi",
	"h3": "oAuth 2.0 身份验证流程",
	"p": "oAuth 2.0 Workflow"
}, {
	"url": "http://ninghao.net/course/3178",
	"img": "http://ninghao.net/files/styles/course_cover/public/showcase/drupal-8-views-part-1-showcase.jpg?itok=qZClpkyZ",
	"h3": "Drupal 8：视图（上）",
	"p": "Drupal 8 Views Part 1"
}, {
	"url": "http://ninghao.net/course/3164",
	"img": "http://ninghao.net/files/styles/course_cover/public/showcase/react-native-5-showcase.jpg?itok=F9BAqLVQ",
	"h3": "React 本地应用 #5 滚动分页",
	"p": "React Native App #5 Infinite Scroll"
}, {
	"url": "http://ninghao.net/course/3150",
	"img": "http://ninghao.net/files/styles/course_cover/public/showcase/drupal-8-field-showcase.jpg?itok=ClBUcV4T",
	"h3": "Drupal 8：字段",
	"p": "Drupal 8 Field"
}, {
	"url": "http://ninghao.net/course/3134",
	"img": "http://ninghao.net/files/styles/course_cover/public/showcase/react-4-showcase.jpg?itok=nzVIkZFr",
	"h3": "React 本地应用 #4 存储",
	"p": "React Native App #4 AsyncStorage"
}, {
	"url": "http://ninghao.net/course/3114",
	"img": "http://ninghao.net/files/styles/course_cover/public/showcase/react-native-3-showcase.jpg?itok=v7mT4J1F",
	"h3": "React 本地应用 #3 文本框",
	"p": "React Native App #3 TextInput"
}, {
	"url": "http://ninghao.net/course/3088",
	"img": "http://ninghao.net/files/styles/course_cover/public/showcase/react-native-2.jpg?itok=tAeGfpB-",
	"h3": "React 本地应用 #2 导航",
	"p": "React Native App #2 Navigate"
}, {
	"url": "http://ninghao.net/course/3074",
	"img": "http://ninghao.net/files/styles/course_cover/public/showcase/frontend-toolkit-showcase.jpg?itok=rR9e_EHK",
	"h3": "前端工具箱",
	"p": "Frontend Toolkit"
}, {
	"url": "http://ninghao.net/course/3032",
	"img": "http://ninghao.net/files/styles/course_cover/public/showcase/es6-showcase.jpg?itok=XRCFmsMM",
	"h3": "ECMAScript 新功能",
	"p": "ECMAScript New Features"
}, {
	"url": "http://ninghao.net/course/3001",
	"img": "http://ninghao.net/files/styles/course_cover/public/showcase/react-native-01-showcase.jpg?itok=pojT3Qhm",
	"h3": "React 本地应用 #1",
	"p": "React Native App #1"
}, {
	"url": "http://ninghao.net/course/2986",
	"img": "http://ninghao.net/files/styles/course_cover/public/showcase/react-native-showcase.jpg?itok=Dgi21Foh",
	"h3": "React 路由",
	"p": "React Router"
}, {
	"url": "http://ninghao.net/course/2967",
	"img": "http://ninghao.net/files/styles/course_cover/public/showcase/react-showcase.jpg?itok=hpxj8BAK",
	"h3": "React 基础",
	"p": "React Essential"
}, {
	"url": "http://ninghao.net/course/2948",
	"img": "http://ninghao.net/files/styles/course_cover/public/showcase/flexbox-showcase.jpg?itok=4EJYHzfK",
	"h3": "CSS：Flexbox 布局",
	"p": "Flexbox Layout Module"
}, {
	"url": "http://ninghao.net/course/2939",
	"img": "http://ninghao.net/files/styles/course_cover/public/showcase/frontend-toolbox-showcase.jpg?itok=h8Grg9x2",
	"h3": "前端库",
	"p": "Frontend Library"
}, {
	"url": "http://ninghao.net/course/2921",
	"img": "http://ninghao.net/files/styles/course_cover/public/showcase/bootstrap-4-new-showcase.jpg?itok=zxHz3Mkv",
	"h3": "Bootstrap 4 新功能",
	"p": "Bootstrap 4 New Features"
}, {
	"url": "http://ninghao.net/course/2836",
	"img": "http://ninghao.net/files/styles/course_cover/public/showcase/semantic-ui-module-showcase.jpg?itok=XP8GzWq3",
	"h3": "Semantic UI 模块",
	"p": "Semantic UI Module"
}, {
	"url": "http://ninghao.net/course/2858",
	"img": "http://ninghao.net/files/styles/course_cover/public/showcase/semantic-ui-c-showcase.jpg?itok=X5_5J9JD",
	"h3": "Semantic UI 集合",
	"p": "Semantic UI Collections"
}, {
	"url": "http://ninghao.net/course/2809",
	"img": "http://ninghao.net/files/styles/course_cover/public/showcase/semantic-ui-api-showcase.jpg?itok=gLFokPqU",
	"h3": "Semantic UI 应用接口",
	"p": "Semantic UI API"
}, {
	"url": "http://ninghao.net/course/2796",
	"img": "http://ninghao.net/files/styles/course_cover/public/showcase/semantic-ui-l-showcase.jpg?itok=RgVz75ft",
	"h3": "Semantic UI 网格",
	"p": "Semantic UI Grid"
}, {
	"url": "http://ninghao.net/course/2779",
	"img": "http://ninghao.net/files/styles/course_cover/public/showcase/semantic-ui-v-showcase.jpg?itok=Lhzq8iKc",
	"h3": "Semantic UI 视图",
	"p": "Semantic UI Views"
}, {
	"url": "http://ninghao.net/course/2753",
	"img": "http://ninghao.net/files/styles/course_cover/public/showcase/semantic-ui-showcase.jpg?itok=Ok-gAXsm",
	"h3": " Semantic UI 元素",
	"p": " Semantic UI Elements"
}, {
	"url": "http://ninghao.net/course/2721",
	"img": "http://ninghao.net/files/styles/course_cover/public/showcase/create-ninghao-03-e-showcase.jpg?itok=ui7yFrac",
	"h3": "创建宁皓网 #3：电子商务",
	"p": "Create Ninghao #3：Commerce"
}, {
	"url": "http://ninghao.net/course/2707",
	"img": "http://ninghao.net/files/styles/course_cover/public/showcase/pg-fix-showcase.jpg?itok=dsjxS_sy",
	"h3": "游乐场",
	"p": "Playground"
}, {
	"url": "http://ninghao.net/course/2686",
	"img": "http://ninghao.net/files/styles/course_cover/public/showcase/syncthing-showcase.jpg?itok=gPDVzoI7",
	"h3": "Syncthing 文件同步",
	"p": "Syncthing File Sync"
}, {
	"url": "http://ninghao.net/course/2672",
	"img": "http://ninghao.net/files/styles/course_cover/public/showcase/browsersync-showcase.jpg?itok=xFpjexvb",
	"h3": "Browsersync 浏览器同步",
	"p": "Synchronised Browser Testing"
}, {
	"url": "http://ninghao.net/course/2644",
	"img": "http://ninghao.net/files/styles/course_cover/public/showcase/create-ninghao-02-ia.jpg?itok=TQuk2QF_",
	"h3": "创建宁皓网 #2：内容结构",
	"p": "Create Ninghao #2：Content Structure"
}, {
	"url": "http://ninghao.net/course/2620",
	"img": "http://ninghao.net/files/styles/course_cover/public/showcase/create-ninghao-01-showcase_0.jpg?itok=XPt3mLPA",
	"h3": "创建宁皓网 #1：准备",
	"p": "Create Ninghao #1：Prepare"
}, {
	"url": "http://ninghao.net/course/2580",
	"img": "http://ninghao.net/files/styles/course_cover/public/showcase/using-ansible-showcase.jpg?itok=cQ3eD9hZ",
	"h3": "使用 Ansible",
	"p": "Using Ansible"
}, {
	"url": "http://ninghao.net/course/2557",
	"img": "http://ninghao.net/files/styles/course_cover/public/showcase/prepare-showcase.jpg?itok=5PAbvD-c",
	"h3": "准备工作",
	"p": "Prepare to Work"
}, {
	"url": "http://ninghao.net/course/2508",
	"img": "http://ninghao.net/files/styles/course_cover/public/showcase/linux-file-permissions-showcase.jpg?itok=-9kreRVW",
	"h3": "Linux 文件与目录权限",
	"p": "Linux File and Directory Permissions"
}, {
	"url": "http://ninghao.net/course/2094",
	"img": "http://ninghao.net/files/styles/course_cover/public/showcase/sass-showcase_0.jpg?itok=DnXOpO-H",
	"h3": "Sass 基础",
	"p": "Sass Essential"
}, {
	"url": "http://ninghao.net/course/2034",
	"img": "http://ninghao.net/files/styles/course_cover/public/showcase/angularjs-showcase.jpg?itok=-y6hwk3_",
	"h3": "AngularJS 基础",
	"p": "AngularJS Essential"
}, {
	"url": "http://ninghao.net/course/2000",
	"img": "http://ninghao.net/files/styles/course_cover/public/showcase/gulp-showcase.jpg?itok=0L3LknPq",
	"h3": "Gulp 自动化任务",
	"p": "Gulp: Automate Task"
}, {
	"url": "http://ninghao.net/course/1974",
	"img": "http://ninghao.net/files/styles/course_cover/public/showcase/grunt-showcase.jpg?itok=bnS4wVsA",
	"h3": "Grunt 自动化任务",
	"p": "Grunt: Automate Task"
}, {
	"url": "http://ninghao.net/course/1959",
	"img": "http://ninghao.net/files/styles/course_cover/public/showcase/bower-showcase.jpg?itok=eGLSBe78",
	"h3": "Bower 前端包管理",
	"p": "Bower: Frontend Package Manager"
}, {
	"url": "http://ninghao.net/course/1921",
	"img": "http://ninghao.net/files/styles/course_cover/public/showcase/laravel-auth-showcase.jpg?itok=jCvK4PMd",
	"h3": "Laravel 身份验证",
	"p": "Laravel Authentication"
}, {
	"url": "http://ninghao.net/course/1882",
	"img": "http://ninghao.net/files/styles/course_cover/public/showcase/git-showcase_0.jpg?itok=kLNKXxe_",
	"h3": "Git：版本控制",
	"p": "Git Version Control"
}, {
	"url": "http://ninghao.net/course/1855",
	"img": "http://ninghao.net/files/styles/course_cover/public/showcase/php-oop-showcase.jpg?itok=m_Uhcjb2",
	"h3": "PHP 面向对象",
	"p": "PHP: Object Oriented Programming"
}, {
	"url": "http://ninghao.net/course/1729",
	"img": "http://ninghao.net/files/styles/course_cover/public/showcase/laravel-database-showcase.jpg?itok=QaqLy4eo",
	"h3": "Laravel 数据库",
	"p": "Laravel: Working with Databases"
}, {
	"url": "http://ninghao.net/course/1736",
	"img": "http://ninghao.net/files/styles/course_cover/public/showcase/mysql-et-showcase.jpg?itok=QWKgd5gT",
	"h3": "MySQL 基础",
	"p": "MySQL Essential"
}, {
	"url": "http://ninghao.net/course/1699",
	"img": "http://ninghao.net/files/styles/course_cover/public/showcase/drupal-dm-showcase.jpg?itok=tba4_h1r",
	"h3": "Drupal 日常维护",
	"p": "Drupal Daily Maintenance"
}, {
	"url": "http://ninghao.net/course/1528",
	"img": "http://ninghao.net/files/styles/course_cover/public/showcase/php-et-showcase.jpg?itok=K6WX7FJa",
	"h3": "PHP 基础",
	"p": "PHP Essential"
}, {
	"url": "http://ninghao.net/course/1642",
	"img": "http://ninghao.net/files/styles/course_cover/public/showcase/laravel-es-showcase.png?itok=W2s7sbEN",
	"h3": "Laravel 4 基础",
	"p": "Laravel 4 Essential"
}, {
	"url": "http://ninghao.net/course/1510",
	"img": "http://ninghao.net/files/styles/course_cover/public/showcase/backbone-todo-showcase.jpg?itok=U9RCDH9u",
	"h3": "Backbone 应用实例",
	"p": "Backbone Use Case"
}, {
	"url": "http://ninghao.net/course/1553",
	"img": "http://ninghao.net/files/styles/course_cover/public/showcase/bootstrap3-showcase.jpg?itok=f5pg3TZQ",
	"h3": "Bootstrap 3 基础",
	"p": "Bootstrap 3 Essential"
}, {
	"url": "http://ninghao.net/course/1479",
	"img": "http://ninghao.net/files/styles/course_cover/public/showcase/underscore-showcase.jpg?itok=Ahl1_OIK",
	"h3": "Underscore 基础",
	"p": "Underscore Essential"
}, {
	"url": "http://ninghao.net/course/1444",
	"img": "http://ninghao.net/files/styles/course_cover/public/showcase/backbone-showcase.jpg?itok=11Zr_Wej",
	"h3": "Backbone 基础",
	"p": "Backbone Essential"
}, {
	"url": "http://ninghao.net/course/1416",
	"img": "http://ninghao.net/files/styles/course_cover/public/showcase/filesystemapi-showcase.jpg?itok=HcZDkXjI",
	"h3": "HTML5：文件系统",
	"p": "HTML5: FileSystem API"
}, {
	"url": "http://ninghao.net/course/1381",
	"img": "http://ninghao.net/files/styles/course_cover/public/showcase/websql-showcase.jpg?itok=tJmRFGUX",
	"h3": "HTML5：Web SQL",
	"p": "HTML5: Web SQL"
}, {
	"url": "http://ninghao.net/course/1347",
	"img": "http://ninghao.net/files/styles/course_cover/public/showcase/fileapi-showcase.jpg?itok=Q0wcM5n-",
	"h3": "HTML5：文件 API",
	"p": "HTML5：File API"
}, {
	"url": "http://ninghao.net/course/663",
	"img": "http://ninghao.net/files/styles/course_cover/public/showcase/html5-and-bootstrap-showcase.jpg?itok=fk-WVrfi",
	"h3": "HTML5 与 Bootstrap 应用实例",
	"p": "HTML5 + Bootstrap Use Case"
}, {
	"url": "http://ninghao.net/course/1218",
	"img": "http://ninghao.net/files/styles/course_cover/public/showcase/webstorage-showcase.jpg?itok=TFCgl3Jn",
	"h3": "HTML5：Web 存储",
	"p": "HTML5: Web Storage"
}, {
	"url": "http://ninghao.net/course/1279",
	"img": "http://ninghao.net/files/styles/course_cover/public/showcase/appcache-showcase.jpg?itok=JmomykMK",
	"h3": "HTML5：应用缓存",
	"p": "HTML5: Application Cache"
}, {
	"url": "http://ninghao.net/course/1295",
	"img": "http://ninghao.net/files/styles/course_cover/public/showcase/jquery-showcase.jpg?itok=aH4D18XZ",
	"h3": "jQuery 基础",
	"p": "jQuery Essential"
}, {
	"url": "http://ninghao.net/course/1235",
	"img": "http://ninghao.net/files/styles/course_cover/public/showcase/javascript-showcase.jpg?itok=4xmxbSK2",
	"h3": "JavaScript 基础",
	"p": "JavaScript Essential"
}, {
	"url": "http://ninghao.net/course/1042",
	"img": "http://ninghao.net/files/styles/course_cover/public/showcase/flowplayer-showcase.jpg?itok=V8NhJsSL",
	"h3": "Flowplayer 播放器",
	"p": "Flowplayer"
}, {
	"url": "http://ninghao.net/course/1188",
	"img": "http://ninghao.net/files/styles/course_cover/public/showcase/drupal-web-services-showcase.jpg?itok=ik-Ert3y",
	"h3": "Drupal Services 整合外部应用",
	"p": "Drupal Services"
}, {
	"url": "http://ninghao.net/course/1143",
	"img": "http://ninghao.net/files/styles/course_cover/public/showcase/phonegap-showcase.jpg?itok=0csl4AJx",
	"h3": "PhoneGap 基础",
	"p": "PhoneGap Essential"
}, {
	"url": "http://ninghao.net/course/1123",
	"img": "http://ninghao.net/files/styles/course_cover/public/showcase/emmet-showcase.jpg?itok=M5hl0UyA",
	"h3": "Emmet：HTML 与 CSS 缩写",
	"p": "Emmet"
}, {
	"url": "http://ninghao.net/course/1091",
	"img": "http://ninghao.net/files/styles/course_cover/public/showcase/css3-selectors-showcase.jpg?itok=xbGvmMxn",
	"h3": "CSS：选择器",
	"p": "CSS Selectors"
}, {
	"url": "http://ninghao.net/course/1068",
	"img": "http://ninghao.net/files/styles/course_cover/public/showcase/jwplayer-showcase.jpg?itok=Gh0YRVYq",
	"h3": "JW Player 播放器",
	"p": "JW Player"
}, {
	"url": "http://ninghao.net/course/1002",
	"img": "http://ninghao.net/files/styles/course_cover/public/showcase/rwd-showcase_0.jpg?itok=OfFQhvEW",
	"h3": "响应式网页设计",
	"p": "Responsive Web Design"
}, {
	"url": "http://ninghao.net/course/864",
	"img": "http://ninghao.net/files/styles/course_cover/public/showcase/wpps-showcase.jpg?itok=MgoIef1h",
	"h3": "WordPress 插件",
	"p": "WordPress Plugins"
}, {
	"url": "http://ninghao.net/course/982",
	"img": "http://ninghao.net/files/styles/course_cover/public/showcase/drupal-omi-showcase.jpg?itok=htcx8dW8",
	"h3": "Drupal 一分钟",
	"p": "Drupal One Minute"
}, {
	"url": "http://ninghao.net/course/873",
	"img": "http://ninghao.net/files/styles/course_cover/public/showcase/wordpress-one-minute-showcase.jpg?itok=UJzA8QGY",
	"h3": "Wordpress 一分钟",
	"p": "WordPress One Minute"
}, {
	"url": "http://ninghao.net/course/914",
	"img": "http://ninghao.net/files/styles/course_cover/public/showcase/t3-framework-showcase.jpg?itok=OXESDmey",
	"h3": "Joomla 模板架构：T3 ",
	"p": "T3 Framework for Joomla"
}, {
	"url": "http://ninghao.net/course/884",
	"img": "http://ninghao.net/files/styles/course_cover/public/showcase/gantry-framework-showcase.jpg?itok=1sIeovcI",
	"h3": "Joomla 模板架构：Gantry",
	"p": "Gantry Framework for Joomla"
}, {
	"url": "http://ninghao.net/course/818",
	"img": "http://ninghao.net/files/styles/course_cover/public/showcase/drupal-commerce-part-1-showcase.jpg?itok=TqeLXi1B",
	"h3": "Drupal Commerce 电子商务",
	"p": "Drupal Commerce"
}, {
	"url": "http://ninghao.net/course/798",
	"img": "http://ninghao.net/files/styles/course_cover/public/showcase/drupal-rules-showcase.jpg?itok=HBdSZ91Y",
	"h3": "Drupal Rules 自动化操作",
	"p": "Drupal Rules Automating Actions"
}, {
	"url": "http://ninghao.net/course/772",
	"img": "http://ninghao.net/files/styles/course_cover/public/showcase/wordpress-posts-relation-showcase.jpg?itok=gU6JbLI8",
	"h3": "WordPress 内容关系",
	"p": "WordPress Posts Relation"
}, {
	"url": "http://ninghao.net/course/691",
	"img": "http://ninghao.net/files/styles/course_cover/public/showcase/wordpress-theme-showcase.jpg?itok=7mLRLiA2",
	"h3": "WordPress 主题开发",
	"p": "WordPress Theme Development"
}, {
	"url": "http://ninghao.net/course/618",
	"img": "http://ninghao.net/files/styles/course_cover/public/showcase/wordpress35-et-showcase.jpg?itok=BDE4Bki3",
	"h3": "WordPress 基础",
	"p": "WordPress Essential"
}, {
	"url": "http://ninghao.net/course/571",
	"img": "http://ninghao.net/files/styles/course_cover/public/showcase/drupal7-fields-views-relation-2-showcase.jpg?itok=OSxq7xXA",
	"h3": "Drupal 7 基础（下）",
	"p": "Drupal 7 Essential Part 2"
}, {
	"url": "http://ninghao.net/course/546",
	"img": "http://ninghao.net/files/styles/course_cover/public/showcase/drupal7-fields-views-relation-showcase.jpg?itok=d064JdTm",
	"h3": "Drupal 7 基础 （上）",
	"p": "Drupal 7 Essential Part 1"
}, {
	"url": "http://ninghao.net/course/2",
	"img": "http://ninghao.net/files/styles/course_cover/public/showcase/joomla1.5-ls-showcase.jpg?itok=mBZEaJrG",
	"h3": "Joomla 1.5 发布网站",
	"p": "Launch Joomla Site To The Internet"
}, {
	"url": "http://ninghao.net/course/453",
	"img": "http://ninghao.net/files/styles/course_cover/public/showcase/bootstrap-showcase.jpg?itok=hLgTY4RK",
	"h3": "Bootstrap 2 基础",
	"p": "Bootstrap 2 Essential"
}, {
	"url": "http://ninghao.net/course/271",
	"img": "http://ninghao.net/files/styles/course_cover/public/showcase/960-showcase.jpg?itok=ZXlV1lFe",
	"h3": "使用网格系统布局",
	"p": "Using 960 Grid System to Create Page Layout"
}, {
	"url": "http://ninghao.net/course/4",
	"img": "http://ninghao.net/files/styles/course_cover/public/showcase/css-showcase.jpg?itok=SeV0ofuD",
	"h3": "CSS 基础",
	"p": "CSS Essential"
}, {
	"url": "http://ninghao.net/course/514",
	"img": "http://ninghao.net/files/styles/course_cover/public/showcase/aliyun-centos-showcase.jpg?itok=nvEejId4",
	"h3": "CentOS : 在阿里云上运行网站",
	"p": "CentOS : Running Website On Ali Cloud"
}, {
	"url": "http://ninghao.net/course/497",
	"img": "http://ninghao.net/files/styles/course_cover/public/showcase/drupal7-multilingual-showcase.jpg?itok=7OLZRmJt",
	"h3": "Drupal 7 多语言",
	"p": "Drupal 7 Multilingual"
}, {
	"url": "http://ninghao.net/course/1",
	"img": "http://ninghao.net/files/styles/course_cover/public/showcase/joomla1.5-showcase.jpg?itok=6rhNPIQw",
	"h3": "Joomla 1.5 基础",
	"p": "Joomla 1.5 Essential"
}, {
	"url": "http://ninghao.net/course/3",
	"img": "http://ninghao.net/files/styles/course_cover/public/showcase/ps5-showcase.jpg?itok=2lLNppfU",
	"h3": "Photoshop CS5 网页设计",
	"p": "Photoshop CS5 for Web Designer"
}, {
	"url": "http://ninghao.net/course/5",
	"img": "http://ninghao.net/files/styles/course_cover/public/showcase/drupal6-1-showcase.jpg?itok=AvEnxnav",
	"h3": "Drupal 6 基础 （上）",
	"p": "Drupal 6 Essential Part 1"
}, {
	"url": "http://ninghao.net/course/239",
	"img": "http://ninghao.net/files/styles/course_cover/public/showcase/seo-showcase.jpg?itok=QzdBleGg",
	"h3": "搜索引擎优化",
	"p": "SEO"
}, {
	"url": "http://ninghao.net/course/291",
	"img": "http://ninghao.net/files/styles/course_cover/public/showcase/joomla2.5-showcase.jpg?itok=rcdXYOSO",
	"h3": "Joomla 2.5 模板开发",
	"p": "Joomla 2.5 Template Development"
}, {
	"url": "http://ninghao.net/course/341",
	"img": "http://ninghao.net/files/styles/course_cover/public/showcase/joomla-t3-showcase.jpg?itok=1teezmWJ",
	"h3": "Joomla 模板架构：T3",
	"p": "Using JA T3 Freamwork for Joomla"
}, {
	"url": "http://ninghao.net/course/418",
	"img": "http://ninghao.net/files/styles/course_cover/public/showcase/drupal7-showcase.jpg?itok=sP1xBp7T",
	"h3": "Drupal 7 主题开发",
	"p": "Drupal 7 Theme Development"
}, {
	"url": "http://ninghao.net/course/6",
	"img": "http://ninghao.net/files/styles/course_cover/public/showcase/drupal6-2-showcase.jpg?itok=rmb9a9j7",
	"h3": "Drupal 6 基础（下）",
	"p": "Drupal 6 Essential Part 2"
}, {
	"url": "http://ninghao.net/course/367",
	"img": "http://ninghao.net/files/styles/course_cover/public/showcase/opencart-showcase.jpg?itok=Y-ZeWJWG",
	"h3": "Opencart 基础",
	"p": "Opencart Essential"
}, {
	"url": "http://ninghao.net/course/401",
	"img": "http://ninghao.net/files/styles/course_cover/public/showcase/joomla-acl-showcase.jpg?itok=kMks1d6k",
	"h3": "Joomla 2.5 权限控制",
	"p": "Joomla 2.5 Access Control List"
}, {
	"url": "http://ninghao.net/course/3404",
	"img": "http://ninghao.net/files/styles/course_cover/public/showcase/ninghao-net-showcase.jpg?itok=g0Mng-xu",
	"h3": "宁皓网",
	"p": "ninghao.net"
}]