[{"name":"CCTV-1 综合","list":[{"column_name":"新闻联播","channel_name":"CCTV-1 综合","column_logo":"http://p1.img.cctvpic.com/photoAlbum/page/performance/img/2016/1/24/1453642031021_882.jpg","column_topicid":"TOPC1451528971114112"},{"column_name":"焦点访谈","channel_name":"CCTV-1 综合","column_logo":"http://p1.img.cctvpic.com/photoAlbum/page/performance/img/2016/1/24/1453642218508_998.jpg","column_topicid":"TOPC1451558976694518"},{"column_name":"晚间新闻","channel_name":"CCTV-1 综合","column_logo":"http://p4.img.cctvpic.com/photoAlbum/page/performance/img/2013/12/20/1387543387648_548.jpg","column_topicid":"TOPC1451528792881669"},{"column_name":"等着我","channel_name":"CCTV-1 综合","column_logo":"http://p1.img.cctvpic.com/photoAlbum/page/performance/img/2016/4/6/1459924826017_370.png","column_topicid":"TOPC1451378757637200"},{"column_name":"今日说法","channel_name":"CCTV-1 综合","column_logo":"http://p1.img.cctvpic.com/nettv/ibugu/xinwen/C10328/ibugu/images/IMG1257326601467241.jpg","column_topicid":"TOPC1451464665008914"},{"column_name":"朗读者","channel_name":"CCTV-1 综合","column_logo":"http://p1.img.cctvpic.com/photoAlbum/page/performance/img/2017/2/15/1487122503757_865.jpg","column_topicid":"TOPC1487120479377477"},{"column_name":"开讲啦","channel_name":"CCTV-1 综合","column_logo":"http://p1.img.cctvpic.com/photoAlbum/page/performance/img/2016/1/26/1453775287024_438.jpg","column_topicid":"TOPC1451464884159276"},{"column_name":"出彩中国人第三季","channel_name":"CCTV-1 综合","column_logo":"http://p1.img.cctvpic.com/photoAlbum/page/performance/img/2017/5/11/1494495113991_749.jpg","column_topicid":"TOPC1494403550438128"},{"column_name":"撒贝宁时间","channel_name":"CCTV-1 综合","column_logo":"http://p4.img.cctvpic.com/fmspic/vms/image/2013/04/03/VSET_1364970480054828.jpg","column_topicid":"TOPC1451525239722138"},{"column_name":"我有传家宝","channel_name":"CCTV-1 综合","column_logo":"http://p1.img.cctvpic.com/photoAlbum/page/performance/img/2016/5/3/1462270216876_771.jpg","column_topicid":"TOPC1451525396109388"},{"column_name":"人与自然","channel_name":"CCTV-1 综合","column_logo":"http://p4.img.cctvpic.com/photoAlbum/page/performance/img/2013/12/20/1387542486079_483.jpg","column_topicid":"TOPC1451525103989666"},{"column_name":"魅力·纪录","channel_name":"CCTV-1 综合","column_logo":"http://p4.img.cctvpic.com/photoAlbum/page/performance/img/2013/12/27/1388136421275_45.jpg","column_topicid":"TOPC1451465982926341"},{"column_name":"天天饮食","channel_name":"CCTV-1 综合","column_logo":"http://p1.img.cctvpic.com/nettv/ibugu/shenghuo/C10405/ibugu/images/IMG1257319208541796.jpg","column_topicid":"TOPC1451465543148870"},{"column_name":"动物世界","channel_name":"CCTV-1 综合","column_logo":"http://ent.cntv.cn/imagepic/enttv/dongwushijie/ibugu/images/IMG1259832739476653.jpg","column_topicid":"TOPC1451378967257534"},{"column_name":"第一动画乐园","channel_name":"CCTV-1 综合","column_logo":"http://p2.img.cctvpic.com/imagepic/cctvchildren/donghuacheng/ibugu/images/img1292998830336366.jpg","column_topicid":"TOPC1451378857272262"},{"column_name":"生活提示","channel_name":"CCTV-1 综合","column_logo":"http://p1.img.cctvpic.com/imagepic/life/C37713/ibugu/images/img1338777468234383.jpg","column_topicid":"TOPC1451526037568184"},{"column_name":"生活圈","channel_name":"CCTV-1 综合","column_logo":"http://p1.img.cctvpic.com/photoAlbum/page/performance/img/2016/5/9/1462765851700_576.jpg","column_topicid":"TOPC1451546588784893"},{"column_name":"人口","channel_name":"CCTV-1 综合","column_logo":"http://p1.img.cctvpic.com/nettv/ibugu/shenghuo/C10469/ibugu/images/IMG1257318625022511.jpg","column_topicid":"TOPC1451466072378425"},{"column_name":"精彩一刻","channel_name":"CCTV-1 综合","column_logo":"http://p1.img.cctvpic.com/imagepic/specials/C20530/ibugu/images/img1279160644214413.jpg","column_topicid":"TOPC1451464786232149"},{"column_name":"中华民族","channel_name":"CCTV-1 综合","column_logo":"http://p1.img.cctvpic.com/nettv/ibugu/shenghuo/C10339/ibugu/images/IMG1257320520001244.jpg","column_topicid":"TOPC1451525460925648"},{"column_name":"CCTV家庭幽默大赛","channel_name":"CCTV-1 综合","column_logo":"http://p1.img.cctvpic.com/photoAlbum/page/performance/img/2016/1/27/1453866581839_351.jpg","column_topicid":"TOPC1451375222891702"},{"column_name":"加油!向未来","channel_name":"CCTV-1 综合","column_logo":"http://p1.img.cctvpic.com/photoAlbum/page/performance/img/2016/7/1/1467346805872_749.jpg","column_topicid":"TOPC1466993529527496"},{"column_name":"看见","channel_name":"CCTV-1 综合","column_logo":"http://p2.img.cctvpic.com/imagepic//C35518/ibugu/images/img1330075916525684.jpg","column_topicid":"TOPC1451526156381407"},{"column_name":"了不起的挑战","channel_name":"CCTV-1 综合","column_logo":"http://p4.img.cctvpic.com/fmspic/vms/image/2015/11/17/VSET_1447725448602626.jpg","column_topicid":"TOPC1451465326115606"},{"column_name":"挑战不可能","channel_name":"CCTV-1 综合","column_logo":"http://p4.img.cctvpic.com/fmspic/vms/image/2015/07/21/VSET_1437467821336022.jpg","column_topicid":"TOPC1452063816677656"},{"column_name":"客从何处来","channel_name":"CCTV-1 综合","column_logo":"http://p5.img.cctvpic.com/fmspic/vms/image/2015/10/28/VSET_1446016114193134.JPG","column_topicid":"TOPC1451465242851547"},{"column_name":"吉尼斯中国之夜","channel_name":"CCTV-1 综合","column_logo":"http://p1.img.cctvpic.com/photoAlbum/page/performance/img/2016/2/17/1455678832751_460.jpg","column_topicid":"TOPC1451464411120622"},{"column_name":"挑战不可能第二季","channel_name":"CCTV-1 综合","column_logo":"http://p1.img.cctvpic.com/photoAlbum/page/performance/img/2016/9/26/1474872372587_714.png","column_topicid":"TOPC1474277421637816"},{"column_name":"正大综艺","channel_name":"CCTV-1 综合","column_logo":"http://p1.img.cctvpic.com/photoAlbum/page/performance/img/2016/11/2/1478074859498_948.jpg","column_topicid":"TOPC1452063879122866"},{"column_name":"博乐先生微逗秀","channel_name":"CCTV-1 综合","column_logo":"http://p5.img.cctvpic.com/photoAlbum/page/performance/img/2014/5/13/1399952221086_964.jpg","column_topicid":"TOPC1451375827613113"},{"column_name":"谢天谢地你来啦","channel_name":"CCTV-1 综合","column_logo":"http://p4.img.cctvpic.com/photoAlbum/page/performance/img/2013/12/20/1387544274580_116.jpg","column_topicid":"TOPC1451527460212952"},{"column_name":"我们有一套","channel_name":"CCTV-1 综合","column_logo":"http://p2.img.cctvpic.com/imagepic/enttv/special/C21221/ibugu/images/img1283384379309515.jpg","column_topicid":"TOPC1451527089955940"},{"column_name":"首席夜话","channel_name":"CCTV-1 综合","column_logo":"http://p2.img.cctvpic.com/fmspic/vms/image/2013/03/27/VSET_1364356323693898.jpg","column_topicid":"TOPC1451526803363401"},{"column_name":"喜乐街","channel_name":"CCTV-1 综合","column_logo":"http://p4.img.cctvpic.com/fmspic/vms/image/2014/05/30/VSET_1401435949724963.jpg","column_topicid":"TOPC1451527286634429"},{"column_name":"加油！少年派","channel_name":"CCTV-1 综合","column_logo":"http://p1.img.cctvpic.com/photoAlbum/page/performance/img/2017/2/23/1487826174241_436.jpg","column_topicid":"TOPC1451464548229761"},{"column_name":"1起聊聊","channel_name":"CCTV-1 综合","column_logo":"http://p4.img.cctvpic.com/fmspic/vms/image/2013/02/06/VSET_1360119364979163.jpg","column_topicid":"TOPC1451374975347585"},{"column_name":"国际艺苑","channel_name":"CCTV-1 综合","column_logo":"http://p1.img.cctvpic.com/nettv/ibugu/yule/C10321/ibugu/images/IMG1257325122540383.jpg","column_topicid":"TOPC1451379250581117"},{"column_name":"收藏传奇","channel_name":"CCTV-1 综合","column_logo":"http://p4.img.cctvpic.com/fmspic/vms/image/2013/03/26/VSET_1364264782053585.jpg","column_topicid":"TOPC1451526640730841"},{"column_name":"中国味道","channel_name":"CCTV-1 综合","column_logo":"http://p1.img.cctvpic.com/photoAlbum/page/performance/img/2017/1/19/1484818174038_951.jpg","column_topicid":"TOPC1451465698428139"},{"column_name":"生活早参考","channel_name":"CCTV-1 综合","column_logo":"http://p4.img.cctvpic.com/imagepic/life/C22431/ibugu/images/img1291373124367648.jpg","column_topicid":"TOPC1451525302140236"},{"column_name":"我爱妈妈","channel_name":"CCTV-1 综合","column_logo":"http://p5.img.cctvpic.com/fmspic/vms/image/2015/10/19/VSET_1445238161351549.jpg","column_topicid":"TOPC1451465616813938"},{"column_name":"嗨!2014","channel_name":"CCTV-1 综合","column_logo":"http://p1.img.cctvpic.com/photoAlbum/page/performance/img/2016/2/17/1455714838698_373.jpg","column_topicid":"TOPC1451379417258341"},{"column_name":"状元360","channel_name":"CCTV-1 综合","column_logo":"http://p1.img.cctvpic.com/nettv/ibugu/shenghuo/C10511/ibugu/images/IMG1257318486804926.jpg","column_topicid":"TOPC1451528493821255"},{"column_name":"为了你","channel_name":"CCTV-1 综合","column_logo":"http://p1.img.cctvpic.com/photoAlbum/page/performance/img/2016/2/17/1455715057961_169.jpg","column_topicid":"TOPC1451527001597710"},{"column_name":"环球科技视野","channel_name":"CCTV-1 综合","column_logo":"http://p2.img.cctvpic.com/imagepic/life/C35313/ibugu/images/img1330652347867539.jpg","column_topicid":"TOPC1451463780801881"},{"column_name":"他们创造奇迹","channel_name":"CCTV-1 综合","column_logo":"http://p1.img.cctvpic.com/fmspic/vms/image/2014/09/23/VSET_1411456817712023.JPG","column_topicid":"TOPC1451526876518533"},{"column_name":"分秒必争","channel_name":"CCTV-1 综合","column_logo":"http://p3.img.cctvpic.com/imagepic/ent/C20559/ibugu/images/img1286788444987249.jpg","column_topicid":"TOPC1451379074008632"},{"column_name":"小崔说事","channel_name":"CCTV-1 综合","column_logo":"http://p1.img.cctvpic.com/photoAlbum/page/performance/img/2017/2/23/1487820245803_340.jpg","column_topicid":"TOPC1451527366158622"},{"column_name":"梦想星搭档第一季","channel_name":"CCTV-1 综合","column_logo":"http://p1.img.cctvpic.com/fmspic/vms/image/2013/06/19/VSET_1371629080145107.jpg","column_topicid":"TOPC1451465480399798"},{"column_name":"梦想星搭档第二季","channel_name":"CCTV-1 综合","column_logo":"http://p1.img.cctvpic.com/fmspic/vms/image/2013/06/19/VSET_1371629080145107.jpg","column_topicid":"TOPC1451465396647639"}]},{"name":"CCTV-10 科教","list":[{"column_name":"百家讲坛","channel_name":"CCTV-10 科教","column_logo":"http://p4.img.cctvpic.com/photoAlbum/page/performance/img/2013/12/20/1387522287282_536.jpg","column_topicid":"TOPC1451557052519584"},{"column_name":"味道","channel_name":"CCTV-10 科教","column_logo":"http://p1.img.cctvpic.com/photoAlbum/page/performance/img/2016/12/29/1483005305104_858.jpg","column_topicid":"TOPC1482483166133803"},{"column_name":"大家","channel_name":"CCTV-10 科教","column_logo":"http://p4.img.cctvpic.com/photoAlbum/page/performance/img/2013/12/20/1387522629792_869.jpg","column_topicid":"TOPC1451557371520714"},{"column_name":"地理·中国","channel_name":"CCTV-10 科教","column_logo":"http://p4.img.cctvpic.com/photoAlbum/page/performance/img/2013/12/20/1387524470597_807.jpg","column_topicid":"TOPC1451557421544786"},{"column_name":"读书","channel_name":"CCTV-10 科教","column_logo":"http://p4.img.cctvpic.com/photoAlbum/page/performance/img/2013/12/20/1387525605651_782.jpg","column_topicid":"TOPC1451557523542854"},{"column_name":"健康之路","channel_name":"CCTV-10 科教","column_logo":"http://p4.img.cctvpic.com/photoAlbum/page/performance/img/2013/12/20/1387534761296_648.jpg","column_topicid":"TOPC1451557646802924"},{"column_name":"讲述","channel_name":"CCTV-10 科教","column_logo":"http://p4.img.cctvpic.com/photoAlbum/page/performance/img/2013/12/20/1387522790383_459.jpg","column_topicid":"TOPC1451557691081955"},{"column_name":"科技之光","channel_name":"CCTV-10 科教","column_logo":"http://p4.img.cctvpic.com/photoAlbum/page/performance/img/2013/12/20/1387522467048_853.jpg","column_topicid":"TOPC1451557776198149"},{"column_name":"人物","channel_name":"CCTV-10 科教","column_logo":"http://p4.img.cctvpic.com/photoAlbum/page/performance/img/2013/12/20/1387522555618_694.jpg","column_topicid":"TOPC1451557861628208"},{"column_name":"探索·发现","channel_name":"CCTV-10 科教","column_logo":"http://p4.img.cctvpic.com/photoAlbum/page/performance/img/2013/12/20/1387522038534_192.jpg","column_topicid":"TOPC1451557893544236"},{"column_name":"文明密码","channel_name":"CCTV-10 科教","column_logo":"http://p1.img.cctvpic.com/fmspic/vms/image/2015/01/30/VSET_1422582206180784.jpg","column_topicid":"TOPC1451557930785264"},{"column_name":"我爱发明","channel_name":"CCTV-10 科教","column_logo":"http://p4.img.cctvpic.com/photoAlbum/page/performance/img/2013/12/20/1387525448848_660.jpg","column_topicid":"TOPC1451557970755294"},{"column_name":"影视名堂","channel_name":"CCTV-10 科教","column_logo":"http://p2.img.cctvpic.com/fmspic/vms/image/2013/10/31/VSET_1383189565596759.jpg","column_topicid":"TOPC1451558049329358"},{"column_name":"原来如此","channel_name":"CCTV-10 科教","column_logo":"http://p4.img.cctvpic.com/photoAlbum/page/performance/img/2013/12/20/1387522997548_57.jpg","column_topicid":"TOPC1451558088858410"},{"column_name":"自然传奇","channel_name":"CCTV-10 科教","column_logo":"http://p4.img.cctvpic.com/photoAlbum/page/performance/img/2013/12/20/1387525078596_137.jpg","column_topicid":"TOPC1451558150787467"},{"column_name":"走近科学","channel_name":"CCTV-10 科教","column_logo":"http://p4.img.cctvpic.com/photoAlbum/page/performance/img/2013/12/20/1387522387859_292.jpg","column_topicid":"TOPC1451558190239536"},{"column_name":"创新无限","channel_name":"CCTV-10 科教","column_logo":"http://p4.img.cctvpic.com/photoAlbum/page/performance/img/2013/12/20/1387525840617_631.jpg","column_topicid":"TOPC1451557109280614"},{"column_name":"第10放映室","channel_name":"CCTV-10 科教","column_logo":"http://p4.img.cctvpic.com/photoAlbum/page/performance/img/2013/12/20/1387521041096_858.jpg","column_topicid":"TOPC1451557487468814"},{"column_name":"科技人生","channel_name":"CCTV-10 科教","column_logo":"http://p2.img.cctvpic.com/imagepic//C35559/ibugu/images/img1330333448516767.jpg","column_topicid":"TOPC1451557739596986"},{"column_name":"绿色空间","channel_name":"CCTV-10 科教","column_logo":"http://p4.img.cctvpic.com/photoAlbum/page/performance/img/2013/12/20/1387525923947_419.jpg","column_topicid":"TOPC1451557825546179"},{"column_name":"希望-英语杂志","channel_name":"CCTV-10 科教","column_logo":"http://p4.img.cctvpic.com/photoAlbum/page/performance/img/2013/12/20/1387526070403_556.jpg","column_topicid":"TOPC1451558013229330"},{"column_name":"重访","channel_name":"CCTV-10 科教","column_logo":"http://p4.img.cctvpic.com/photoAlbum/page/performance/img/2013/12/20/1387525682716_955.jpg","column_topicid":"TOPC1451558118808439"}]},{"name":"CCTV-11 戏曲","list":[{"column_name":"CCTV空中剧院","channel_name":"CCTV-11 戏曲","column_logo":"http://p4.img.cctvpic.com/photoAlbum/page/performance/img/2013/12/20/1387533294436_737.jpg","column_topicid":"TOPC1451558856402351"},{"column_name":"过把瘾","channel_name":"CCTV-11 戏曲","column_logo":"http://p4.img.cctvpic.com/photoAlbum/page/performance/img/2013/12/20/1387533335565_479.jpg","column_topicid":"TOPC1451558291260577"},{"column_name":"一鸣惊人","channel_name":"CCTV-11 戏曲","column_logo":"http://p4.img.cctvpic.com/photoAlbum/page/performance/img/2013/12/20/1387534009850_463.jpg","column_topicid":"TOPC1451558692971175"},{"column_name":"梨园闯关我挂帅","channel_name":"CCTV-11 戏曲","column_logo":"http://p4.img.cctvpic.com/photoAlbum/page/performance/img/2013/12/20/1387533756513_429.jpg","column_topicid":"TOPC1451558484007800"},{"column_name":"快乐戏园","channel_name":"CCTV-11 戏曲","column_logo":"http://p4.img.cctvpic.com/photoAlbum/page/performance/img/2013/12/20/1387534207842_219.jpg","column_topicid":"TOPC1451558438767762"},{"column_name":"跟我学","channel_name":"CCTV-11 戏曲","column_logo":"http://p4.img.cctvpic.com/photoAlbum/page/performance/img/2013/12/20/1387533443380_969.jpg","column_topicid":"TOPC1451558178940505"},{"column_name":"九州大戏台","channel_name":"CCTV-11 戏曲","column_logo":"http://p4.img.cctvpic.com/photoAlbum/page/performance/img/2013/12/20/1387533176335_200.jpg","column_topicid":"TOPC1451558399948678"},{"column_name":"名段欣赏","channel_name":"CCTV-11 戏曲","column_logo":"http://p4.img.cctvpic.com/photoAlbum/page/performance/img/2013/12/20/1387533943154_267.jpg","column_topicid":"TOPC1451558515719854"},{"column_name":"戏曲采风","channel_name":"CCTV-11 戏曲","column_logo":"http://p4.img.cctvpic.com/photoAlbum/page/performance/img/2013/12/20/1387533084764_168.jpg","column_topicid":"TOPC1451558610462968"},{"column_name":"青春戏苑","channel_name":"CCTV-11 戏曲","column_logo":"http://p4.img.cctvpic.com/photoAlbum/page/performance/img/2013/12/20/1387533627018_752.jpg","column_topicid":"TOPC1451558552047910"},{"column_name":"中国京剧音配像精粹","channel_name":"CCTV-11 戏曲","column_logo":"http://p4.img.cctvpic.com/photoAlbum/page/performance/img/2013/12/20/1387533693660_877.jpg","column_topicid":"TOPC1451558769767256"},{"column_name":"影视剧场","channel_name":"CCTV-11 戏曲","column_logo":"http://p2.img.cctvpic.com/imagepic/ent/C36165/ibugu/images/img1331539466784848.jpg","column_topicid":"TOPC1451558728003217"},{"column_name":"锦绣梨园","channel_name":"CCTV-11 戏曲","column_logo":"http://p4.img.cctvpic.com/photoAlbum/page/performance/img/2013/12/20/1387533528396_498.jpg","column_topicid":"TOPC1451558328292617"},{"column_name":"精彩回放","channel_name":"CCTV-11 戏曲","column_logo":"http://p1.img.cctvpic.com/photoAlbum/page/performance/img/2017/2/23/1487825493878_980.jpg","column_topicid":"TOPC1451558363250650"},{"column_name":"戏苑百家","channel_name":"CCTV-11 戏曲","column_logo":"http://p1.img.cctvpic.com/nettv/ibugu/yule/C10452/ibugu/images/IMG1257324016183379.jpg","column_topicid":"TOPC1451558644535996"}]},{"name":"CCTV-12 社会与法","list":[{"column_name":"道德观察","channel_name":"CCTV-12 社会与法","column_logo":"http://p4.img.cctvpic.com/photoAlbum/page/performance/img/2013/12/20/1387526995496_410.jpg","column_topicid":"TOPC1451542784285432"},{"column_name":"天网","channel_name":"CCTV-12 社会与法","column_logo":"http://p4.img.cctvpic.com/photoAlbum/page/performance/img/2013/12/20/1387526533964_809.jpg","column_topicid":"TOPC1451543228296920"},{"column_name":"平安365","channel_name":"CCTV-12 社会与法","column_logo":"http://p4.img.cctvpic.com/photoAlbum/page/performance/img/2013/12/20/1387527260832_119.jpg","column_topicid":"TOPC1451542968215667"},{"column_name":"忏悔录","channel_name":"CCTV-12 社会与法","column_logo":"http://p4.img.cctvpic.com/photoAlbum/page/performance/img/2013/12/20/1387527202822_191.jpg","column_topicid":"TOPC1451542672944335"},{"column_name":"法律讲堂（生活版）","channel_name":"CCTV-12 社会与法","column_logo":"http://p4.img.cctvpic.com/photoAlbum/page/performance/img/2013/12/20/1387526683300_969.jpg","column_topicid":"TOPC1451542824484472"},{"column_name":"法律讲堂（文史版）","channel_name":"CCTV-12 社会与法","column_logo":"http://p4.img.cctvpic.com/photoAlbum/page/performance/img/2013/12/20/1387526845616_541.jpg","column_topicid":"TOPC1451542861682530"},{"column_name":"普法栏目剧","channel_name":"CCTV-12 社会与法","column_logo":"http://p4.img.cctvpic.com/photoAlbum/page/performance/img/2013/12/20/1387527693420_198.jpg","column_topicid":"TOPC1451543074960748"},{"column_name":"警察特训营","channel_name":"CCTV-12 社会与法","column_logo":"http://p1.img.cctvpic.com/photoAlbum/page/performance/img/2016/4/29/1461912377489_227.jpg","column_topicid":"TOPC1461740566533993"},{"column_name":"热线12","channel_name":"CCTV-12 社会与法","column_logo":"http://p4.img.cctvpic.com/photoAlbum/page/performance/img/2013/12/20/1387527751220_44.jpg","column_topicid":"TOPC1451543168050863"},{"column_name":"庭审现场","channel_name":"CCTV-12 社会与法","column_logo":"http://p4.img.cctvpic.com/photoAlbum/page/performance/img/2013/12/20/1387527085092_663.jpg","column_topicid":"TOPC1451543263837956"},{"column_name":"见证","channel_name":"CCTV-12 社会与法","column_logo":"http://p4.img.cctvpic.com/photoAlbum/page/performance/img/2013/12/20/1387528607552_242.jpg","column_topicid":"TOPC1451542933238628"},{"column_name":"夕阳红","channel_name":"CCTV-12 社会与法","column_logo":"http://p4.img.cctvpic.com/photoAlbum/page/performance/img/2013/12/20/1387532655915_372.jpg","column_topicid":"TOPC1451543312252987"},{"column_name":"心理访谈","channel_name":"CCTV-12 社会与法","column_logo":"http://p4.img.cctvpic.com/photoAlbum/page/performance/img/2013/12/20/1387526920852_821.jpg","column_topicid":"TOPC1451543382680164"},{"column_name":"一线","channel_name":"CCTV-12 社会与法","column_logo":"http://p4.img.cctvpic.com/photoAlbum/page/performance/img/2013/12/20/1387528518603_990.jpg","column_topicid":"TOPC1451543462858283"},{"column_name":"夜线","channel_name":"CCTV-12 社会与法","column_logo":"http://p4.img.cctvpic.com/photoAlbum/page/performance/img/2013/12/20/1387528121207_533.jpg","column_topicid":"TOPC1451543426689237"},{"column_name":"小区大事","channel_name":"CCTV-12 社会与法","column_logo":"http://p4.img.cctvpic.com/imagepic/life/C32224/ibugu/images/img1320302292559605.jpg","column_topicid":"TOPC1451543346581129"},{"column_name":"我是大律师","channel_name":"CCTV-12 社会与法","column_logo":"http://p1.img.cctvpic.com/photoAlbum/page/performance/img/2016/6/2/1464860593186_776.jpg","column_topicid":"TOPC1464320273892779"},{"column_name":"从我做起","channel_name":"CCTV-12 社会与法","column_logo":"http://p4.img.cctvpic.com/imagepic/news/C31082/ibugu/images/img1316422697520125.jpg","column_topicid":"TOPC1451542713421371"},{"column_name":"闯关到12","channel_name":"CCTV-12 社会与法","column_logo":"http://p4.img.cctvpic.com/photoAlbum/page/performance/img/2013/12/20/1387532542055_95.jpg","column_topicid":"TOPC1451542607107267"},{"column_name":"法治视界","channel_name":"CCTV-12 社会与法","column_logo":"http://p1.img.cctvpic.com/nettv/ibugu/xinwen/C10491/ibugu/images/IMG1257326170833817.jpg","column_topicid":"TOPC1451542893998566"}]},{"name":"CCTV-13 新闻","list":[{"column_name":"新闻直播间","channel_name":"CCTV-13 新闻","column_logo":"http://p4.img.cctvpic.com/photoAlbum/page/performance/img/2013/12/20/1387546534274_750.jpg","column_topicid":"TOPC1451559129520755"},{"column_name":"朝闻天下","channel_name":"CCTV-13 新闻","column_logo":"http://p1.img.cctvpic.com/nettv/ibugu/xinwen/C10598/ibugu/images/IMG1257325894583306.jpg","column_topicid":"TOPC1451558496100826"},{"column_name":"新闻30分","channel_name":"CCTV-13 新闻","column_logo":"http://p4.img.cctvpic.com/photoAlbum/page/performance/img/2013/12/20/1387543460182_311.jpg","column_topicid":"TOPC1451559097947700"},{"column_name":"新闻1+1","channel_name":"CCTV-13 新闻","column_logo":"http://p1.img.cctvpic.com/nettv/ibugu/xinwen/C10586/ibugu/images/IMG1257325952046262.jpg","column_topicid":"TOPC1451559066181661"},{"column_name":"东方时空","channel_name":"CCTV-13 新闻","column_logo":"http://p4.img.cctvpic.com/photoAlbum/page/performance/img/2013/12/20/1387546102281_477.jpg","column_topicid":"TOPC1451558532019883"},{"column_name":"共同关注","channel_name":"CCTV-13 新闻","column_logo":"http://p4.img.cctvpic.com/photoAlbum/page/performance/img/2013/12/20/1387546767859_383.jpg","column_topicid":"TOPC1451558858788377"},{"column_name":"国际时讯","channel_name":"CCTV-13 新闻","column_logo":"http://p4.img.cctvpic.com/photoAlbum/page/performance/img/2013/12/20/1387546340682_877.jpg","column_topicid":"TOPC1451558887804404"},{"column_name":"午夜新闻","channel_name":"CCTV-13 新闻","column_logo":"http://p4.img.cctvpic.com/photoAlbum/page/performance/img/2013/12/20/1387545990933_303.jpg","column_topicid":"TOPC1451558779639282"},{"column_name":"24小时","channel_name":"CCTV-13 新闻","column_logo":"http://p4.img.cctvpic.com/photoAlbum/page/performance/img/2013/12/20/1387546874653_358.jpg","column_topicid":"TOPC1451558428005729"},{"column_name":"新闻调查","channel_name":"CCTV-13 新闻","column_logo":"http://p4.img.cctvpic.com/photoAlbum/page/performance/img/2013/12/20/1387545952285_765.jpg","column_topicid":"TOPC1451558819463311"},{"column_name":"新闻周刊","channel_name":"CCTV-13 新闻","column_logo":"http://p1.img.cctvpic.com/nettv/ibugu/xinwen/C10600/ibugu/images/IMG1257325874012567.jpg","column_topicid":"TOPC1451559180488841"},{"column_name":"世界周刊","channel_name":"CCTV-13 新闻","column_logo":"http://p4.img.cctvpic.com/photoAlbum/page/performance/img/2013/12/20/1387545815741_378.jpg","column_topicid":"TOPC1451558687534149"},{"column_name":"面对面","channel_name":"CCTV-13 新闻","column_logo":"http://p3.img.cctvpic.com/imagepic/news/talk/mianduimian/ibugu/images/IMG1261129806422665.jpg","column_topicid":"TOPC1451559038345600"},{"column_name":"环球视线","channel_name":"CCTV-13 新闻","column_logo":"http://p1.img.cctvpic.com/nettv/ibugu/xinwen/C10642/ibugu/images/IMG1257325484438473.jpg","column_topicid":"TOPC1451558926200436"},{"column_name":"每周质量报告","channel_name":"CCTV-13 新闻","column_logo":"http://p1.img.cctvpic.com/nettv/ibugu/xinwen/C10354/ibugu/images/IMG1257326524651504.jpg","column_topicid":"TOPC1451558650605123"},{"column_name":"法治在线","channel_name":"CCTV-13 新闻","column_logo":"http://p4.img.cctvpic.com/photoAlbum/page/performance/img/2013/12/20/1387546656152_128.jpg","column_topicid":"TOPC1451558590627940"},{"column_name":"军情时间到","channel_name":"CCTV-13 新闻","column_logo":"http://p1.img.cctvpic.com/photoAlbum/page/performance/img/2016/5/9/1462784111670_338.jpg","column_topicid":"TOPC1462504102545692"},{"column_name":"新闻纪实","channel_name":"CCTV-13 新闻","column_logo":"http://p4.img.cctvpic.com/photoAlbum/page/performance/img/2013/12/20/1387546976814_130.jpg","column_topicid":"TOPC1451559259952964"},{"column_name":"环球记者连线","channel_name":"CCTV-13 新闻","column_logo":"http://p4.img.cctvpic.com/photoAlbum/page/performance/img/2013/12/20/1387547087021_381.jpg","column_topicid":"TOPC1451559225116905"}]},{"name":"CCTV-14 少儿","list":[{"column_name":"零零大冒险","channel_name":"CCTV-14 少儿","column_logo":"http://p1.img.cctvpic.com/photoAlbum/page/performance/img/2017/1/22/1485050759961_572.jpg","column_topicid":"TOPC1483083760399960"},{"column_name":"SK极智少年强","channel_name":"CCTV-14 少儿","column_logo":"http://p1.img.cctvpic.com/photoAlbum/page/performance/img/2016/10/24/1477290587061_391.jpg","column_topicid":"TOPC1476950587121943"},{"column_name":"大风车","channel_name":"CCTV-14 少儿","column_logo":"http://p4.img.cctvpic.com/photoAlbum/page/performance/img/2013/12/20/1387540758819_894.jpg","column_topicid":"TOPC1451558929123462"},{"column_name":"小小智慧树","channel_name":"CCTV-14 少儿","column_logo":"http://p4.img.cctvpic.com/photoAlbum/page/performance/img/2013/12/20/1387544264272_683.jpg","column_topicid":"TOPC1451559205464876"},{"column_name":"智慧树","channel_name":"CCTV-14 少儿","column_logo":"http://p4.img.cctvpic.com/photoAlbum/page/performance/img/2013/12/20/1387541323506_452.jpg","column_topicid":"TOPC1451447359806385"},{"column_name":"最野假期","channel_name":"CCTV-14 少儿","column_logo":"http://p1.img.cctvpic.com/photoAlbum/page/performance/img/2016/7/4/1467595368929_511.jpg","column_topicid":"TOPC1465380088863651"},{"column_name":"动画大放映","channel_name":"CCTV-14 少儿","column_logo":"http://p1.img.cctvpic.com/fmspic/vms/image/2013/06/26/VSET_1372229389086280.jpg","column_topicid":"TOPC1451559025546574"},{"column_name":"动画剧场","channel_name":"CCTV-14 少儿","column_logo":"http://p3.img.cctvpic.com/imagepic//C30611/ibugu/images/img1315196119419639.jpg","column_topicid":"TOPC1451559414465320"},{"column_name":"动画乐翻天","channel_name":"CCTV-14 少儿","column_logo":"http://p2.img.cctvpic.com/imagepic//C30602/ibugu/images/img1315190309421391.jpg","column_topicid":"TOPC1451559059308631"},{"column_name":"动画梦工场","channel_name":"CCTV-14 少儿","column_logo":"http://p3.img.cctvpic.com/imagepic//C30609/ibugu/images/img1315192619499834.jpg","column_topicid":"TOPC1451559097474688"},{"column_name":"动漫世界","channel_name":"CCTV-14 少儿","column_logo":"http://p4.img.cctvpic.com/imagepic/dongmanshijie/ibugu/images/img1315206055566784.jpg","column_topicid":"TOPC1451559448233349"},{"column_name":"动物好伙伴","channel_name":"CCTV-14 少儿","column_logo":"http://p5.img.cctvpic.com/fmspic/vms/image/2015/12/25/VSET_1451031543490632.jpg","column_topicid":"TOPC1452230499243399"},{"column_name":"金龟子城堡","channel_name":"CCTV-14 少儿","column_logo":"http://p4.img.cctvpic.com/photoAlbum/page/performance/img/2013/12/20/1387544638455_119.jpg","column_topicid":"TOPC1451559791981802"},{"column_name":"看我72变","channel_name":"CCTV-14 少儿","column_logo":"http://p1.img.cctvpic.com/fmspic/vms/image/2013/06/25/VSET_1372125731545791.jpg","column_topicid":"TOPC1451559131256781"},{"column_name":"快乐大巴","channel_name":"CCTV-14 少儿","column_logo":"http://p4.img.cctvpic.com/photoAlbum/page/performance/img/2013/12/20/1387541481690_62.jpg","column_topicid":"TOPC1451559161446811"},{"column_name":"快乐体验","channel_name":"CCTV-14 少儿","column_logo":"http://p4.img.cctvpic.com/photoAlbum/page/performance/img/2013/12/20/1387544139790_695.jpg","column_topicid":"TOPC1451559479171411"},{"column_name":"绿野寻踪","channel_name":"CCTV-14 少儿","column_logo":"http://p4.img.cctvpic.com/photoAlbum/page/performance/img/2013/12/20/1387543982933_813.jpg","column_topicid":"TOPC1451559534065469"},{"column_name":"七巧板","channel_name":"CCTV-14 少儿","column_logo":"http://p4.img.cctvpic.com/photoAlbum/page/performance/img/2013/12/20/1387541841525_0.jpg","column_topicid":"TOPC1451559569040502"},{"column_name":"大仓库","channel_name":"CCTV-14 少儿","column_logo":"http://p4.img.cctvpic.com/photoAlbum/page/performance/img/2013/12/20/1387542292577_249.jpg","column_topicid":"TOPC1451559344361150"},{"column_name":"新闻袋袋裤","channel_name":"CCTV-14 少儿","column_logo":"http://p4.img.cctvpic.com/photoAlbum/page/performance/img/2013/12/20/1387541712943_858.jpg","column_topicid":"TOPC1451559603261584"},{"column_name":"异想天开","channel_name":"CCTV-14 少儿","column_logo":"http://p4.img.cctvpic.com/photoAlbum/page/performance/img/2013/12/20/1387542007069_994.jpg","column_topicid":"TOPC1451559633994614"},{"column_name":"音乐快递","channel_name":"CCTV-14 少儿","column_logo":"http://p1.img.cctvpic.com/photoAlbum/page/performance/img/2015/6/18/1434599201941_913.jpg","column_topicid":"TOPC1451559666055645"},{"column_name":"银河剧场","channel_name":"CCTV-14 少儿","column_logo":"http://p1.img.cctvpic.com/imagepic//C30598/ibugu/images/img1315188559590573.jpg","column_topicid":"TOPC1451559245575934"},{"column_name":"英雄出少年","channel_name":"CCTV-14 少儿","column_logo":"http://p4.img.cctvpic.com/photoAlbum/page/performance/img/2013/12/20/1387543796055_122.jpg","column_topicid":"TOPC1451559695702690"},{"column_name":"早间开心果","channel_name":"CCTV-14 少儿","column_logo":"http://p5.img.cctvpic.com/fmspic/vms/image/2013/06/28/VSET_1372411554605990.jpg","column_topicid":"TOPC1451559308631114"},{"column_name":"芝麻开门","channel_name":"CCTV-14 少儿","column_logo":"http://p1.img.cctvpic.com/photoAlbum/page/performance/img/2017/2/23/1487826613524_139.jpg","column_topicid":"TOPC1451559725520729"},{"column_name":"动感特区","channel_name":"CCTV-14 少儿","column_logo":"http://p4.img.cctvpic.com/photoAlbum/page/performance/img/2013/12/20/1387543894496_379.jpg","column_topicid":"TOPC1451559378830189"},{"column_name":"智力快车","channel_name":"CCTV-14 少儿","column_logo":"http://p4.img.cctvpic.com/photoAlbum/page/performance/img/2013/12/20/1387541616545_545.jpg","column_topicid":"TOPC1451559756374759"},{"column_name":"周末动画片","channel_name":"CCTV-14 少儿","column_logo":"http://p1.img.cctvpic.com/photoAlbum/page/performance/img/2017/2/23/1487825825869_494.jpg","column_topicid":"TOPC1451559836238828"},{"column_name":"大手牵小手","channel_name":"CCTV-14 少儿","column_logo":"http://p4.img.cctvpic.com/photoAlbum/page/performance/img/2013/12/20/1387544503252_871.jpg","column_topicid":"TOPC1451558967135492"},{"column_name":"宝贝一家亲","channel_name":"CCTV-14 少儿","column_logo":"http://p1.img.cctvpic.com/nettv/ibugu/shenghuo/C10558/ibugu/images/IMG1257318099367259.jpg","column_topicid":"TOPC1451559867985861"},{"column_name":"成长在线","channel_name":"CCTV-14 少儿","column_logo":"http://p4.img.cctvpic.com/photoAlbum/page/performance/img/2013/12/20/1387543401978_143.jpg","column_topicid":"TOPC1451559901017891"},{"column_name":"动漫星空","channel_name":"CCTV-14 少儿","column_logo":"http://p1.img.cctvpic.com/imagepic//C30614/ibugu/images/img1315196671842998.jpg","column_topicid":"TOPC1451559936284927"},{"column_name":"童心回放","channel_name":"CCTV-14 少儿","column_logo":"http://p4.img.cctvpic.com/photoAlbum/page/performance/img/2013/12/20/1387544740802_128.jpg","column_topicid":"TOPC1451559966897957"},{"column_name":"文学宝库","channel_name":"CCTV-14 少儿","column_logo":"http://p4.img.cctvpic.com/photoAlbum/page/performance/img/2013/12/20/1387544819543_153.jpg","column_topicid":"TOPC1451560002205989"}]},{"name":"CCTV-15 音乐","list":[{"column_name":"全球中文音乐榜上榜","channel_name":"CCTV-15 音乐","column_logo":"http://p3.img.cctvpic.com/photoAlbum/page/performance/img/2014/3/28/1395995040404_572.jpg","column_topicid":"TOPC1451542061864640"},{"column_name":"一起音乐吧","channel_name":"CCTV-15 音乐","column_logo":"http://p4.img.cctvpic.com/photoAlbum/page/performance/img/2013/12/20/1387537229918_46.jpg","column_topicid":"TOPC1451542132455743"},{"column_name":"CCTV音乐厅","channel_name":"CCTV-15 音乐","column_logo":"http://p4.img.cctvpic.com/photoAlbum/page/performance/img/2013/12/20/1387536411405_122.jpg","column_topicid":"TOPC1451534421925242"},{"column_name":"音乐公开课","channel_name":"CCTV-15 音乐","column_logo":"http://p1.img.cctvpic.com/photoAlbum/page/performance/img/2016/5/12/1463021025698_656.jpg","column_topicid":"TOPC1462849800640766"},{"column_name":"民歌·中国","channel_name":"CCTV-15 音乐","column_logo":"http://p4.img.cctvpic.com/photoAlbum/page/performance/img/2013/12/20/1387536926537_970.jpg","column_topicid":"TOPC1451541994820527"},{"column_name":"魔法奇迹","channel_name":"CCTV-15 音乐","column_logo":"http://ent.cntv.cn/imagepic/enttv/mofaqiji/ibugu/images/IMG1259870387213422.jpg","column_topicid":"TOPC1451542029126607"},{"column_name":"音乐人生","channel_name":"CCTV-15 音乐","column_logo":"http://p4.img.cctvpic.com/photoAlbum/page/performance/img/2013/12/20/1387536513373_228.jpg","column_topicid":"TOPC1451542308412911"},{"column_name":"音乐传奇","channel_name":"CCTV-15 音乐","column_logo":"http://p4.img.cctvpic.com/photoAlbum/page/performance/img/2013/12/20/1387537368122_256.jpg","column_topicid":"TOPC1451542222069826"},{"column_name":"风华国乐","channel_name":"CCTV-15 音乐","column_logo":"http://p4.img.cctvpic.com/photoAlbum/page/performance/img/2013/12/20/1387535134705_224.jpg","column_topicid":"TOPC1451534503915324"},{"column_name":"歌声与微笑","channel_name":"CCTV-15 音乐","column_logo":"http://p4.img.cctvpic.com/photoAlbum/page/performance/img/2013/12/20/1387537060218_260.jpg","column_topicid":"TOPC1451541189657627"},{"column_name":"今乐坛","channel_name":"CCTV-15 音乐","column_logo":"http://p4.img.cctvpic.com/photoAlbum/page/performance/img/2013/12/20/1387537493212_285.jpg","column_topicid":"TOPC1451541229451689"},{"column_name":"精彩音乐汇","channel_name":"CCTV-15 音乐","column_logo":"http://p4.img.cctvpic.com/photoAlbum/page/performance/img/2013/12/20/1387535554668_569.jpg","column_topicid":"TOPC1451541414450906"},{"column_name":"影视留声机","channel_name":"CCTV-15 音乐","column_logo":"http://p4.img.cctvpic.com/photoAlbum/page/performance/img/2013/12/20/1387536057207_15.jpg","column_topicid":"TOPC1451542346007956"},{"column_name":"中国音乐电视","channel_name":"CCTV-15 音乐","column_logo":"http://p4.img.cctvpic.com/photoAlbum/page/performance/img/2013/12/20/1387535708445_622.jpg","column_topicid":"TOPC1451542397206110"},{"column_name":"百年歌声","channel_name":"CCTV-15 音乐","column_logo":"http://p4.img.cctvpic.com/photoAlbum/page/performance/img/2013/12/20/1387535864694_164.jpg","column_topicid":"TOPC1451534465694290"},{"column_name":"快乐琴童","channel_name":"CCTV-15 音乐","column_logo":"http://p4.img.cctvpic.com/photoAlbum/page/performance/img/2013/12/20/1387535453986_914.jpg","column_topicid":"TOPC1451541450128978"},{"column_name":"乐上巅峰","channel_name":"CCTV-15 音乐","column_logo":"http://p5.img.cctvpic.com/photoAlbum/page/performance/img/2014/1/26/1390723855926_136.jpg","column_topicid":"TOPC1451541494729142"},{"column_name":"乐游天下","channel_name":"CCTV-15 音乐","column_logo":"http://p1.img.cctvpic.com/photoAlbum/page/performance/img/2016/10/17/1476700506990_299.jpg","column_topicid":"TOPC1451541538046196"},{"column_name":"音乐告诉你","channel_name":"CCTV-15 音乐","column_logo":"http://p4.img.cctvpic.com/photoAlbum/page/performance/img/2013/12/20/1387539185681_269.jpg","column_topicid":"TOPC1451542273313866"},{"column_name":"星光舞台","channel_name":"CCTV-15 音乐","column_logo":"http://bugu.cntv.cn/imagepic/nettv/ent/special/C12311/ibugu/images/C12311000002.jpg","column_topicid":"TOPC1451542099519708"}]},{"name":"CCTV-2 财经","list":[{"column_name":"城市梦想","channel_name":"CCTV-2 财经","column_logo":"http://p1.img.cctvpic.com/photoAlbum/page/performance/img/2017/2/8/1486525088796_851.jpg","column_topicid":" TOPC1485069670668597     "},{"column_name":"遇见大咖","channel_name":"CCTV-2 财经","column_logo":"http://p1.img.cctvpic.com/photoAlbum/page/performance/img/2017/2/8/1486524371319_965.jpg","column_topicid":" TOPC1467078331998524     "},{"column_name":"中国大能手 第三季","channel_name":"CCTV-2 财经","column_logo":"http://p1.img.cctvpic.com/photoAlbum/page/performance/img/2017/4/27/1493258775516_87.jpg","column_topicid":"TOPC1492500980337434"},{"column_name":"秘密大改造","channel_name":"CCTV-2 财经","column_logo":"http://p1.img.cctvpic.com/photoAlbum/page/performance/img/2017/4/27/1493259323812_676.jpg","column_topicid":"TOPC1492500889849400"},{"column_name":"经济半小时","channel_name":"CCTV-2 财经","column_logo":"http://bugu.cntv.cn/imagepic/news/finance/jingjibanxiaoshi/ibugu/images/IMG1258871562541193.jpg","column_topicid":"TOPC1451533652476962"},{"column_name":"经济与法","channel_name":"CCTV-2 财经","column_logo":"http://p1.img.cctvpic.com/nettv/ibugu/xinwen/C10331/ibugu/images/IMG1257326576998818.jpg","column_topicid":"TOPC1451533903405402"},{"column_name":"经济信息联播","channel_name":"CCTV-2 财经","column_logo":"http://p1.img.cctvpic.com/nettv/ibugu/xinwen/C10330/ibugu/images/IMG1257326585346728.jpg","column_topicid":"TOPC1451533782742171"},{"column_name":"交易时间","channel_name":"CCTV-2 财经","column_logo":"http://p1.img.cctvpic.com/photoAlbum/page/performance/img/2017/2/23/1487826854638_151.jpg","column_topicid":"TOPC1451533575270846"},{"column_name":"环球财经连线","channel_name":"CCTV-2 财经","column_logo":"http://p1.img.cctvpic.com/imagepic/news/finance/huanqiucaijinglianxian/ibugu/images/IMG1260512451108214.jpg","column_topicid":"TOPC1451531385787654"},{"column_name":"对话","channel_name":"CCTV-2 财经","column_logo":"http://p1.img.cctvpic.com/nettv/ibugu/xinwen/C10316/ibugu/images/IMG1257326689230131.jpg","column_topicid":"TOPC1451530382483536"},{"column_name":"交换空间","channel_name":"CCTV-2 财经","column_logo":"http://p1.img.cctvpic.com/nettv/ibugu/shenghuo/C10495/ibugu/images/IMG1257318565265892.jpg","column_topicid":"TOPC1451533454219687"},{"column_name":"财经周刊","channel_name":"CCTV-2 财经","column_logo":"http://p4.img.cctvpic.com/fmspic/vms/image/2015/02/04/VSET_1423018513645825.jpg","column_topicid":"TOPC1451529279927730"},{"column_name":"创业英雄汇","channel_name":"CCTV-2 财经","column_logo":"http://p1.img.cctvpic.com/photoAlbum/page/performance/img/2017/2/23/1487820413423_554.jpg","column_topicid":"TOPC1451529684665516"},{"column_name":"回家吃饭","channel_name":"CCTV-2 财经","column_logo":"http://p1.img.cctvpic.com/fmspic/vms/image/2015/04/09/VSET_1428565986836539.jpg","column_topicid":"TOPC1451532939300997"},{"column_name":"第一时间","channel_name":"CCTV-2 财经","column_logo":"http://p1.img.cctvpic.com/nettv/ibugu/xinwen/C10375/ibugu/images/IMG1257326456398754.jpg","column_topicid":"TOPC1451530259915198"},{"column_name":"极客出发","channel_name":"CCTV-2 财经","column_logo":"http://p1.img.cctvpic.com/photoAlbum/page/performance/img/2016/12/7/1481073308376_887.jpg","column_topicid":"TOPC1474529262126329"},{"column_name":"是真的吗","channel_name":"CCTV-2 财经","column_logo":"http://p1.img.cctvpic.com/fmspic/vms/image/2013/05/02/VSET_1367460274193537.jpg","column_topicid":"TOPC1451534366388377"},{"column_name":"生财有道","channel_name":"CCTV-2 财经","column_logo":"http://p1.img.cctvpic.com/imagepic/news/finance/licaizaixian/ibugu/images/img1292832408494683.jpg","column_topicid":"TOPC1451534118159896"},{"column_name":"市场分析室","channel_name":"CCTV-2 财经","column_logo":"http://p2.img.cctvpic.com/imagepic/life/practical/shichangfenxishi/ibugu/images/img1266895896241530.jpg","column_topicid":"TOPC1451534272067161"},{"column_name":"完美婚礼","channel_name":"CCTV-2 财经","column_logo":"http://p1.img.cctvpic.com/photoAlbum/page/performance/img/2016/4/20/1461134671091_185.jpg","column_topicid":"TOPC1460510604087443"},{"column_name":"消费主张","channel_name":"CCTV-2 财经","column_logo":"http://p1.img.cctvpic.com/photoAlbum/page/performance/img/2017/2/23/1487826971791_392.jpg","column_topicid":"TOPC1451534775834896"},{"column_name":"一槌定音","channel_name":"CCTV-2 财经","column_logo":"http://p1.img.cctvpic.com/imagepic/life/C30828/ibugu/images/img1315892358416992.jpg","column_topicid":"TOPC1451538759798817"},{"column_name":"央视财经评论","channel_name":"CCTV-2 财经","column_logo":"http://p4.img.cctvpic.com/fmspic/vms/image/2013/04/02/VSET_1364870282095968.jpg","column_topicid":"TOPC1451538686034772"},{"column_name":"中国财经报道","channel_name":"CCTV-2 财经","column_logo":"http://p1.img.cctvpic.com/nettv/ibugu/xinwen/C10465/ibugu/images/IMG1257326261950849.jpg","column_topicid":"TOPC1451539369270222"},{"column_name":"职场健康课","channel_name":"CCTV-2 财经","column_logo":"http://p1.img.cctvpic.com/photoAlbum/page/performance/img/2016/7/4/1467599738540_157.jpg","column_topicid":"TOPC1467078494968390"},{"column_name":"整点财经","channel_name":"CCTV-2 财经","column_logo":"http://p1.img.cctvpic.com/photoAlbum/page/performance/img/2016/1/26/1453774397403_141.jpg","column_topicid":"TOPC1453100395512779"},{"column_name":"车神驾到","channel_name":"CCTV-2 财经","column_logo":"http://p1.img.cctvpic.com/photoAlbum/page/performance/img/2016/7/7/1467884390593_551.jpg","column_topicid":"TOPC1467078273688551"},{"column_name":"超级减肥王","channel_name":"CCTV-2 财经","column_logo":"http://p1.img.cctvpic.com/photoAlbum/page/performance/img/2017/2/23/1487827117202_665.jpg","column_topicid":"TOPC1451529392998877"},{"column_name":"超级育儿师","channel_name":"CCTV-2 财经","column_logo":"http://p3.img.cctvpic.com/fmspic/vms/image/2014/08/08/VSET_1407466265089852.jpg","column_topicid":"TOPC1451529491570209"},{"column_name":"中国大能手","channel_name":"CCTV-2 财经","column_logo":"http://p1.img.cctvpic.com/photoAlbum/page/performance/img/2016/5/4/1462354606278_308.jpg","column_topicid":"TOPC1461834850481641"},{"column_name":"青春季","channel_name":"CCTV-2 财经","column_logo":"http://p1.img.cctvpic.com/photoAlbum/page/performance/img/2016/7/1/1467360429154_497.jpg","column_topicid":"TOPC1467078424464137"},{"column_name":"环球驿站","channel_name":"CCTV-2 财经","column_logo":"http://p1.img.cctvpic.com/photoAlbum/page/performance/img/2017/2/23/1487827263031_542.jpg","column_topicid":"TOPC1451531706328128"},{"column_name":"黄金线路","channel_name":"CCTV-2 财经","column_logo":"http://p1.img.cctvpic.com/fmspic/vms/image/2015/10/05/VSET_1444009796129624.jpg","column_topicid":"TOPC1451532670920839"},{"column_name":"购物街","channel_name":"CCTV-2 财经","column_logo":"http://p1.img.cctvpic.com/nettv/ibugu/shenghuo/C10556/ibugu/images/IMG1257318116146340.jpg","column_topicid":"TOPC1451531116293404"},{"column_name":"健康早班车","channel_name":"CCTV-2 财经","column_logo":"http://p1.img.cctvpic.com/photoAlbum/page/performance/img/2017/2/23/1487827357657_964.jpg","column_topicid":"TOPC1451533329244514"},{"column_name":"购时尚","channel_name":"CCTV-2 财经","column_logo":"http://p4.img.cctvpic.com/imagepic/life/C23557/ibugu/images/img1297994689075456.jpg","column_topicid":"TOPC1451530930607850"},{"column_name":"实战商学院","channel_name":"CCTV-2 财经","column_logo":"http://p3.img.cctvpic.com/fmspic/vms/image/2014/05/30/VSET_1401418015374358.jpg","column_topicid":"TOPC1451534196880980"},{"column_name":"滔滔不绝","channel_name":"CCTV-2 财经","column_logo":"http://p1.img.cctvpic.com/photoAlbum/page/performance/img/2017/2/23/1487827751367_406.jpg","column_topicid":"TOPC1451534450008462"},{"column_name":"味觉大战","channel_name":"CCTV-2 财经","column_logo":"http://p4.img.cctvpic.com/photoAlbum/page/performance/img/2013/12/20/1387543895972_78.jpg","column_topicid":"TOPC1451534534085650"},{"column_name":"县域经济报道","channel_name":"CCTV-2 财经","column_logo":"http://p1.img.cctvpic.com/photoAlbum/page/performance/img/2017/2/23/1487827858822_135.jpg","column_topicid":"TOPC1451534662947810"},{"column_name":"有法大家帮","channel_name":"CCTV-2 财经","column_logo":"http://p2.img.cctvpic.com/imagepic/news/C16618/ibugu/images/img1265271389183163.jpg","column_topicid":"TOPC1451539218917971"},{"column_name":"一人一世界","channel_name":"CCTV-2 财经","column_logo":"http://p1.img.cctvpic.com/photoAlbum/page/performance/img/2017/2/23/1487828023794_357.jpg","column_topicid":"TOPC1451538828077847"},{"column_name":"这会儿不上班","channel_name":"CCTV-2 财经","column_logo":"http://p1.img.cctvpic.com/photoAlbum/page/performance/img/2017/2/23/1487828245515_57.jpg","column_topicid":"TOPC1451539277378135"},{"column_name":"商道","channel_name":"CCTV-2 财经","column_logo":"http://p1.img.cctvpic.com/imagepic/news/C25539/ibugu/images/img1302661844239584.jpg","column_topicid":"TOPC1451534003544607"},{"column_name":"跨界见真章","channel_name":"CCTV-2 财经","column_logo":"http://p1.img.cctvpic.com/photoAlbum/page/performance/img/2017/1/16/1484559432772_200.jpg","column_topicid":"TOPC1477280027361285"},{"column_name":"惊喜连连","channel_name":"CCTV-2 财经","column_logo":"http://p1.img.cctvpic.com/photoAlbum/page/performance/img/2016/10/26/1477462623380_785.jpg","column_topicid":"TOPC1476759839519941"}]},{"name":"CCTV-3 综艺","list":[{"column_name":"星光大道","channel_name":"CCTV-3 综艺","column_logo":"http://p1.img.cctvpic.com/photoAlbum/page/performance/img/2016/4/18/1460945513809_816.jpg","column_topicid":"TOPC1451467630488780"},{"column_name":"开门大吉","channel_name":"CCTV-3 综艺","column_logo":"http://p4.img.cctvpic.com/photoAlbum/page/performance/img/2013/12/20/1387544771140_581.jpg","column_topicid":"TOPC1451465894294259"},{"column_name":"向幸福出发","channel_name":"CCTV-3 综艺","column_logo":"http://p4.img.cctvpic.com/photoAlbum/page/performance/img/2013/12/20/1387545761974_28.jpg","column_topicid":"TOPC1451984638791216"},{"column_name":"越战越勇","channel_name":"CCTV-3 综艺","column_logo":"http://p1.img.cctvpic.com/photoAlbum/page/performance/img/2016/9/6/1473154914434_410.jpg","column_topicid":"TOPC1451467829851129"},{"column_name":"回声嘹亮","channel_name":"CCTV-3 综艺","column_logo":"http://p4.img.cctvpic.com/imagepic/ent/C33763/ibugu/images/img1325831288674954.jpg","column_topicid":"TOPC1451535575561597"},{"column_name":"幸福账单","channel_name":"CCTV-3 综艺","column_logo":"http://p3.img.cctvpic.com/fmspic/vms/image/2013/12/27/VSET_1388134578243733.jpg","column_topicid":"TOPC1451984801613379"},{"column_name":"我爱满堂彩","channel_name":"CCTV-3 综艺","column_logo":"http://p3.img.cctvpic.com/imagepic/special/C39683/ibugu/images/img1349848630918340.jpg","column_topicid":"TOPC1451538709371329"},{"column_name":"黄金100秒","channel_name":"CCTV-3 综艺","column_logo":"http://p3.img.cctvpic.com/fmspic/vms/image/2013/05/28/VSET_1369734885744647.jpg","column_topicid":"TOPC1451468496522494"},{"column_name":"非常6+1","channel_name":"CCTV-3 综艺","column_logo":"http://p1.img.cctvpic.com/photoAlbum/page/performance/img/2017/2/22/1487755264921_947.jpg","column_topicid":"TOPC1451467940101208"},{"column_name":"综艺盛典","channel_name":"CCTV-3 综艺","column_logo":"http://p3.img.cctvpic.com/imagepic/special/zongyishengdian/ibugu/images/img1352344085318921.jpg","column_topicid":"TOPC1451985071887935"},{"column_name":"艺术人生","channel_name":"CCTV-3 综艺","column_logo":"http://p4.img.cctvpic.com/photoAlbum/page/performance/img/2013/12/20/1387545448959_804.jpg","column_topicid":"TOPC1451984891490556"},{"column_name":"舞蹈世界","channel_name":"CCTV-3 综艺","column_logo":"http://p4.img.cctvpic.com/photoAlbum/page/performance/img/2013/12/20/1387545389023_857.jpg","column_topicid":"TOPC1451547605511387"},{"column_name":"文化十分","channel_name":"CCTV-3 综艺","column_logo":"http://p4.img.cctvpic.com/fmspic/vms/image/2015/06/19/VSET_1434692469176271.jpg","column_topicid":"TOPC1451466375438815"},{"column_name":"艺览天下","channel_name":"CCTV-3 综艺","column_logo":"http://p1.img.cctvpic.com/imagepic/ent/C21436/ibugu/images/img1311213989815977.jpg","column_topicid":"TOPC1451984851125433"},{"column_name":"群英汇","channel_name":"CCTV-3 综艺","column_logo":"http://p3.img.cctvpic.com/fmspic/vms/image/2015/10/19/VSET_1445230520779476.jpg","column_topicid":"TOPC1451466115846483"},{"column_name":"全家好拍档","channel_name":"CCTV-3 综艺","column_logo":"http://p1.img.cctvpic.com/photoAlbum/page/performance/img/2017/2/23/1487820632840_188.jpg","column_topicid":" TOPC1474275463547690"},{"column_name":"文化视点","channel_name":"CCTV-3 综艺","column_logo":"http://p1.img.cctvpic.com/imagepic//C26117/ibugu/images/img1303367281159544.jpg","column_topicid":"TOPC1451536118642783"},{"column_name":"天天把歌唱","channel_name":"CCTV-3 综艺","column_logo":"http://p3.img.cctvpic.com/imagepic/ent/C30399/ibugu/images/img1314249259910694.jpg","column_topicid":"TOPC1451535663610626"},{"column_name":"综艺喜乐汇","channel_name":"CCTV-3 综艺","column_logo":"http://p1.img.cctvpic.com/imagepic/enttv/special/C21333/ibugu/images/img1284686868963326.jpg","column_topicid":"TOPC1451985106055986"},{"column_name":"2016我要上春晚","channel_name":"CCTV-3 综艺","column_logo":"http://p1.img.cctvpic.com/photoAlbum/page/performance/img/2016/9/5/1473043653694_746.jpg","column_topicid":"TOPC1472539406468366"},{"column_name":"叮咯咙咚呛第二季","channel_name":"CCTV-3 综艺","column_logo":"http://p1.img.cctvpic.com/photoAlbum/page/performance/img/2016/9/13/1473753229960_502.jpg","column_topicid":" TOPC1461055502698314"},{"column_name":"星光大道超级版","channel_name":"CCTV-3 综艺","column_logo":"http://p1.img.cctvpic.com/photoAlbum/page/performance/img/2016/4/29/1461912758668_447.jpg","column_topicid":"TOPC1461562585309276"},{"column_name":"我要上春晚","channel_name":"CCTV-3 综艺","column_logo":"http://p4.img.cctvpic.com/photoAlbum/page/performance/img/2013/12/20/1387545598331_507.jpg","column_topicid":"TOPC1451467540329692"},{"column_name":"叮咯咙咚呛","channel_name":"CCTV-3 综艺","column_logo":"http://p3.img.cctvpic.com/fmspic/vms/image/2015/02/16/VSET_1424052037594997.JPG","column_topicid":"TOPC1451984149246462"},{"column_name":"中国好歌曲第三季","channel_name":"CCTV-3 综艺","column_logo":"http://p5.img.cctvpic.com/fmspic/vms/image/2013/12/18/VSET_1387334772271619.jpg","column_topicid":"TOPC1451984995017753"},{"column_name":"中国好歌曲第二季","channel_name":"CCTV-3 综艺","column_logo":"http://p5.img.cctvpic.com/fmspic/vms/image/2013/12/18/VSET_1387334772271619.jpg","column_topicid":"TOPC1451984949453678"},{"column_name":"文化正午","channel_name":"CCTV-3 综艺","column_logo":"http://p2.img.cctvpic.com/imagepic/ent/C21429/ibugu/images/img1294124358246873.jpg","column_topicid":"TOPC1451538455169283"},{"column_name":"文化大百科","channel_name":"CCTV-3 综艺","column_logo":"http://p4.img.cctvpic.com/photoAlbum/page/performance/img/2013/12/20/1387545324027_140.jpg","column_topicid":"TOPC1451536035602751"},{"column_name":"有朋远方来","channel_name":"CCTV-3 综艺","column_logo":"http://p3.img.cctvpic.com/fmspic/vms/image/2015/10/12/VSET_1444637356459430.JPG","column_topicid":"TOPC1451467745544904"},{"column_name":"动物传奇","channel_name":"CCTV-3 综艺","column_logo":"http://p2.img.cctvpic.com/imagepic/ent/C21314/ibugu/images/img1294123459604429.jpg","column_topicid":"TOPC1451984181884527"},{"column_name":"中国正在听","channel_name":"CCTV-3 综艺","column_logo":"http://p2.img.cctvpic.com/fmspic/vms/image/2014/10/22/VSET_1413963708119995.JPG","column_topicid":"TOPC1451985034305828"},{"column_name":"大魔术师","channel_name":"CCTV-3 综艺","column_logo":"http://p5.img.cctvpic.com/fmspic/vms/image/2014/07/24/VSET_1406187098721398.jpg","column_topicid":"TOPC1451984047073332"},{"column_name":"完美星开幕","channel_name":"CCTV-3 综艺","column_logo":"http://p3.img.cctvpic.com/fmspic/vms/image/2014/07/25/VSET_1406255579555503.gif","column_topicid":"TOPC1451984485538967"},{"column_name":"欢乐一家亲","channel_name":"CCTV-3 综艺","column_logo":"http://p4.img.cctvpic.com/imagepic/ent/C21890/ibugu/images/img1288770345392479.jpg","column_topicid":"TOPC1451984214170587"},{"column_name":"开心辞典","channel_name":"CCTV-3 综艺","column_logo":"http://p1.img.cctvpic.com/photoAlbum/page/performance/img/2017/2/23/1487820841158_762.jpg","column_topicid":"TOPC1451984378754815"},{"column_name":"综艺星天地","channel_name":"CCTV-3 综艺","column_logo":"http://p4.img.cctvpic.com/imagepic/enttv/special/C21334/ibugu/images/img1284537380968220.jpg","column_topicid":"TOPC1451985188986150"},{"column_name":"激情广场","channel_name":"CCTV-3 综艺","column_logo":"http://p1.img.cctvpic.com/nettv/ibugu/yule/C10445/ibugu/images/IMG1257324187537447.jpg","column_topicid":"TOPC1451984341218765"},{"column_name":"笑星大联盟","channel_name":"CCTV-3 综艺","column_logo":"http://p1.img.cctvpic.com/photoAlbum/page/performance/img/2017/2/23/1487821129846_57.jpg","column_topicid":"TOPC1451984731428297"},{"column_name":"文化讲坛","channel_name":"CCTV-3 综艺","column_logo":"http://p2.img.cctvpic.com/imagepic/special/wenhuajiangtan/ibugu/images/img1326957624570486.jpg","column_topicid":"TOPC1451984533334125"},{"column_name":"天天乐","channel_name":"CCTV-3 综艺","column_logo":"http://p2.img.cctvpic.com/imagepic/ent/C25360/ibugu/images/img1302257265007886.jpg","column_topicid":"TOPC1451984447718918"},{"column_name":"欢乐英雄","channel_name":"CCTV-3 综艺","column_logo":"http://p2.img.cctvpic.com/imagepic/enttv/special/hlyx/ibugu/images/img1313657738778511.jpg","column_topicid":"TOPC1451984242834620"},{"column_name":"巅峰音乐汇","channel_name":"CCTV-3 综艺","column_logo":"http://p4.img.cctvpic.com/imagepic/ent/C21312/ibugu/images/img1284082361574253.jpg","column_topicid":"TOPC1451984095463376"},{"column_name":"欢乐中国行","channel_name":"CCTV-3 综艺","column_logo":"http://ent.cntv.cn/imagepic/enttv/huanlezhongguoxing/ibugu/images/IMG1259871092903997.jpg","column_topicid":"TOPC1451984301286720"},{"column_name":"曲苑杂坛","channel_name":"CCTV-3 综艺","column_logo":"http://p1.img.cctvpic.com/nettv/ibugu/yule/C10363/ibugu/images/IMG1257325006084514.jpg","column_topicid":"TOPC1451984417763860"}]},{"name":"CCTV-4 (亚洲)","list":[{"column_name":"国家记忆","channel_name":"CCTV-4 (亚洲)","column_logo":"http://p1.img.cctvpic.com/photoAlbum/page/performance/img/2016/9/27/1474969607696_632.jpg","column_topicid":" TOPC1473235107169415"},{"column_name":"中国新闻","channel_name":"CCTV-4 (亚洲)","column_logo":"http://p1.img.cctvpic.com/imagepic/news/now/zhongguoxinwen/ibugu/images/img1283909600827169.jpg","column_topicid":"TOPC1451539894330405"},{"column_name":"今日关注","channel_name":"CCTV-4 (亚洲)","column_logo":"http://p4.img.cctvpic.com/photoAlbum/page/performance/img/2013/12/20/1387541348376_355.jpg","column_topicid":"TOPC1451540389082713"},{"column_name":"海峡两岸","channel_name":"CCTV-4 (亚洲)","column_logo":"http://p4.img.cctvpic.com/photoAlbum/page/performance/img/2013/12/20/1387542486146_842.jpg","column_topicid":"TOPC1451540328102649"},{"column_name":"今日亚洲","channel_name":"CCTV-4 (亚洲)","column_logo":"http://p4.img.cctvpic.com/photoAlbum/page/performance/img/2013/12/20/1387542565206_558.jpg","column_topicid":"TOPC1451540448405749"},{"column_name":"中国舆论场","channel_name":"CCTV-4 (亚洲)","column_logo":"http://p1.img.cctvpic.com/photoAlbum/page/performance/img/2016/3/18/1458274915412_418.png","column_topicid":"TOPC1458109953138295"},{"column_name":"中华医药","channel_name":"CCTV-4 (亚洲)","column_logo":"http://p4.img.cctvpic.com/photoAlbum/page/performance/img/2013/12/20/1387543545922_496.jpg","column_topicid":"TOPC1451541666791291"},{"column_name":"远方的家","channel_name":"CCTV-4 (亚洲)","column_logo":"http://p4.img.cctvpic.com/photoAlbum/page/performance/img/2013/12/20/1387543402754_260.jpg","column_topicid":"TOPC1451541349400938"},{"column_name":"走遍中国","channel_name":"CCTV-4 (亚洲)","column_logo":"http://p4.img.cctvpic.com/photoAlbum/page/performance/img/2013/12/20/1387541552663_693.jpg","column_topicid":"TOPC1451542134053698"},{"column_name":"华人世界","channel_name":"CCTV-4 (亚洲)","column_logo":"http://p4.img.cctvpic.com/photoAlbum/page/performance/img/2013/12/20/1387541920182_753.jpg","column_topicid":"TOPC1451539822927345"},{"column_name":"中国文艺","channel_name":"CCTV-4 (亚洲)","column_logo":"http://p4.img.cctvpic.com/photoAlbum/page/performance/img/2013/12/20/1387541729241_448.jpg","column_topicid":"TOPC1451541432396114"},{"column_name":"国宝档案","channel_name":"CCTV-4 (亚洲)","column_logo":"http://p4.img.cctvpic.com/photoAlbum/page/performance/img/2013/12/20/1387541798275_937.jpg","column_topicid":"TOPC1451540268188575"},{"column_name":"天涯共此时","channel_name":"CCTV-4 (亚洲)","column_logo":"http://p4.img.cctvpic.com/photoAlbum/page/performance/img/2013/12/20/1387542056666_933.jpg","column_topicid":"TOPC1451540858793305"},{"column_name":"深度国际","channel_name":"CCTV-4 (亚洲)","column_logo":"http://p4.img.cctvpic.com/photoAlbum/page/performance/img/2013/12/20/1387542320080_250.jpg","column_topicid":"TOPC1451540709098112"},{"column_name":"文明之旅","channel_name":"CCTV-4 (亚洲)","column_logo":"http://p4.img.cctvpic.com/photoAlbum/page/performance/img/2013/12/20/1387542714594_145.jpg","column_topicid":"TOPC1451541205513705"},{"column_name":"快乐汉语","channel_name":"CCTV-4 (亚洲)","column_logo":"http://p4.img.cctvpic.com/photoAlbum/page/performance/img/2013/12/20/1387542183402_480.jpg","column_topicid":"TOPC1451540551058875"},{"column_name":"流行无限","channel_name":"CCTV-4 (亚洲)","column_logo":"http://p4.img.cctvpic.com/photoAlbum/page/performance/img/2013/12/20/1387542797813_273.jpg","column_topicid":"TOPC1451540644606949"},{"column_name":"外国人在中国","channel_name":"CCTV-4 (亚洲)","column_logo":"http://p4.img.cctvpic.com/photoAlbum/page/performance/img/2013/12/20/1387543219581_901.jpg","column_topicid":"TOPC1451541113743615"},{"column_name":"城市1对1","channel_name":"CCTV-4 (亚洲)","column_logo":"http://p4.img.cctvpic.com/photoAlbum/page/performance/img/2013/12/20/1387542632983_306.jpg","column_topicid":"TOPC1451540070648471"},{"column_name":"体育在线","channel_name":"CCTV-4 (亚洲)","column_logo":"http://p4.img.cctvpic.com/fmspic/vms/image/2013/02/28/VSET_1362046599313301.jpg","column_topicid":"TOPC1451540777295250"},{"column_name":"动画城","channel_name":"CCTV-4 (亚洲)","column_logo":"http://p2.img.cctvpic.com/imagepic/cartoon/C16623/ibugu/images/img1265273295655110.jpg","column_topicid":"TOPC1451542209144770"},{"column_name":"快乐驿站","channel_name":"CCTV-4 (亚洲)","column_logo":"http://p1.img.cctvpic.com/imagepic/ent/C33169/ibugu/images/img1323761527556159.jpg","column_topicid":"TOPC1451542273075862"},{"column_name":"中华情","channel_name":"CCTV-4 (亚洲)","column_logo":"http://p4.img.cctvpic.com/photoAlbum/page/performance/img/2013/12/20/1387541633883_860.jpg","column_topicid":"TOPC1451541564922207"}]},{"name":"CCTV-5 体育","list":[{"column_name":"谁是舞王","channel_name":"CCTV-5 体育","column_logo":"http://p1.img.cctvpic.com/photoAlbum/page/performance/img/2016/11/25/1480059540587_840.jpg","column_topicid":"TOPC1479714540155905"},{"column_name":"NBA最前线","channel_name":"CCTV-5 体育","column_logo":"http://p5.img.cctvpic.com/fmspic/vms/image/2013/03/04/VSET_1362377434833440.jpg","column_topicid":"TOPC1451548615930237"},{"column_name":"天下足球","channel_name":"CCTV-5 体育","column_logo":"http://p4.img.cctvpic.com/photoAlbum/page/performance/img/2013/12/20/1387522342325_119.jpg","column_topicid":"TOPC1451551777876756"},{"column_name":"足球之夜","channel_name":"CCTV-5 体育","column_logo":"http://p4.img.cctvpic.com/photoAlbum/page/performance/img/2013/12/20/1387522265125_391.jpg","column_topicid":"TOPC1451552481492403"},{"column_name":"篮球公园","channel_name":"CCTV-5 体育","column_logo":"http://p4.img.cctvpic.com/photoAlbum/page/performance/img/2013/12/20/1387522569606_80.jpg","column_topicid":"TOPC1451549958391444"},{"column_name":"冠军欧洲","channel_name":"CCTV-5 体育","column_logo":"http://p2.img.cctvpic.com/fmspic/vms/image/2014/04/03/VSET_1396494308766816.jpg","column_topicid":"TOPC1451549411228903"},{"column_name":"赛车时代","channel_name":"CCTV-5 体育","column_logo":"http://p4.img.cctvpic.com/photoAlbum/page/performance/img/2013/12/20/1387522483099_41.jpg","column_topicid":"TOPC1451550589995997"},{"column_name":"体育人间","channel_name":"CCTV-5 体育","column_logo":"http://p4.img.cctvpic.com/photoAlbum/page/performance/img/2013/12/20/1387522176445_33.jpg","column_topicid":"TOPC1451551310742737"},{"column_name":"体育晨报","channel_name":"CCTV-5 体育","column_logo":"http://p4.img.cctvpic.com/photoAlbum/page/performance/img/2013/12/20/1387523033174_710.jpg","column_topicid":"TOPC1451551258388672"},{"column_name":"体坛快讯","channel_name":"CCTV-5 体育","column_logo":"http://p4.img.cctvpic.com/photoAlbum/page/performance/img/2013/12/20/1387522904760_88.jpg","column_topicid":"TOPC1451550970356385"},{"column_name":"体育新闻","channel_name":"CCTV-5 体育","column_logo":"http://p4.img.cctvpic.com/photoAlbum/page/performance/img/2013/12/20/1387522786611_756.jpg","column_topicid":"TOPC1451551426170389"},{"column_name":"体育咖吧","channel_name":"CCTV-5 体育","column_logo":"http://p1.img.cctvpic.com/photoAlbum/page/performance/img/2016/3/10/1457574794324_888.jpg","column_topicid":"TOPC1451551830518827"},{"column_name":"体育世界","channel_name":"CCTV-5 体育","column_logo":"http://p4.img.cctvpic.com/photoAlbum/page/performance/img/2013/12/20/1387522674362_82.jpg","column_topicid":"TOPC1451551371554333"},{"column_name":"欧冠开场哨","channel_name":"CCTV-5 体育","column_logo":"http://p3.img.cctvpic.com/fmspic/vms/image/2013/02/28/VSET_1362040021382318.jpg","column_topicid":"TOPC1451550484638864"},{"column_name":"巅峰时刻","channel_name":"CCTV-5 体育","column_logo":"http://p1.img.cctvpic.com/photoAlbum/page/performance/img/2016/4/28/1461825041044_1.jpg","column_topicid":"TOPC1451549547540149"},{"column_name":"健身动起来","channel_name":"CCTV-5 体育","column_logo":"http://p4.img.cctvpic.com/photoAlbum/page/performance/img/2013/12/20/1387520995208_386.jpg","column_topicid":"TOPC1451549599140203"},{"column_name":"中华龙舟大赛","channel_name":"CCTV-5 体育","column_logo":"http://p1.img.cctvpic.com/photoAlbum/page/performance/img/2016/1/28/1453996655564_420.jpg","column_topicid":"TOPC1451552385121314"},{"column_name":"谁是棋王","channel_name":"CCTV-5 体育","column_logo":"http://p1.img.cctvpic.com/photoAlbum/page/performance/img/2016/1/29/1454053036267_854.jpg","column_topicid":"TOPC1451550868295303"},{"column_name":"武林大会","channel_name":"CCTV-5 体育","column_logo":"http://p4.img.cctvpic.com/photoAlbum/page/performance/img/2013/12/20/1387522059861_381.jpg","column_topicid":"TOPC1451551891055866"},{"column_name":"城市之间","channel_name":"CCTV-5 体育","column_logo":"http://p1.img.cctvpic.com/nettv/ibugu/tiyu/C10497/ibugu/images/IMG1257316532039940.jpg","column_topicid":"TOPC1451548815653458"},{"column_name":"棋牌乐","channel_name":"CCTV-5 体育","column_logo":"http://p4.img.cctvpic.com/photoAlbum/page/performance/img/2013/12/20/1387522412251_66.jpg","column_topicid":"TOPC1451550531682936"},{"column_name":"北京2022","channel_name":"CCTV-5 体育","column_logo":"http://p1.img.cctvpic.com/photoAlbum/page/performance/img/2016/5/11/1462949864934_7.jpg","column_topicid":"TOPC1462860742367700"},{"column_name":"运动大不同","channel_name":"CCTV-5 体育","column_logo":"http://p4.img.cctvpic.com/fmspic/vms/image/2015/04/29/VSET_1430299720349276.jpg","column_topicid":"TOPC1451552002869953"},{"column_name":"精彩F1","channel_name":"CCTV-5 体育","column_logo":"http://p1.img.cctvpic.com/fmspic/vms/image/2013/02/28/VSET_1362046123866258.jpg","column_topicid":"TOPC1451549688176267"},{"column_name":"体育星探","channel_name":"CCTV-5 体育","column_logo":"http://p4.img.cctvpic.com/photoAlbum/page/performance/img/2013/12/20/1387520775441_234.jpg","column_topicid":"TOPC1451551588089571"},{"column_name":"运动空间","channel_name":"CCTV-5 体育","column_logo":"http://p4.img.cctvpic.com/photoAlbum/page/performance/img/2013/12/20/1387521581310_441.jpg","column_topicid":"TOPC1451552333526253"},{"column_name":"爆笑体育","channel_name":"CCTV-5 体育","column_logo":"http://p4.img.cctvpic.com/photoAlbum/page/performance/img/2013/12/20/1387521179075_865.jpg","column_topicid":"TOPC1451548756388398"}]},{"name":"CCTV-6 电影","list":[{"column_name":"中国电影报道","channel_name":"CCTV-6 电影","column_logo":"http://p4.img.cctvpic.com/photoAlbum/page/performance/img/2013/12/20/1387524369738_423.jpg","column_topicid":"TOPC1451354597100320"},{"column_name":"世界电影之旅","channel_name":"CCTV-6 电影","column_logo":"http://p3.img.cctvpic.com/fmspic/vms/image/2012/12/24/VSET_1356338387527355.jpg","column_topicid":"TOPC1451560112462173"},{"column_name":"今日影评","channel_name":"CCTV-6 电影","column_logo":"http://p1.img.cctvpic.com/photoAlbum/page/performance/img/2016/8/15/1471227694083_307.jpg","column_topicid":"TOPC1470713254980521"}]},{"name":"CCTV-7 军事农业","list":[{"column_name":"致富经","channel_name":"CCTV-7 军事农业","column_logo":"http://p4.img.cctvpic.com/photoAlbum/page/performance/img/2013/12/20/1387527166947_736.jpg","column_topicid":"TOPC1451531768511747"},{"column_name":"防务新观察","channel_name":"CCTV-7 军事农业","column_logo":"http://p4.img.cctvpic.com/photoAlbum/page/performance/img/2013/12/20/1387525890480_438.jpg","column_topicid":"TOPC1451526164984187"},{"column_name":"军事报道","channel_name":"CCTV-7 军事农业","column_logo":"http://p4.img.cctvpic.com/photoAlbum/page/performance/img/2013/12/20/1387525101490_576.jpg","column_topicid":"TOPC1451527941788652"},{"column_name":"讲武堂","channel_name":"CCTV-7 军事农业","column_logo":"http://p4.img.cctvpic.com/photoAlbum/page/performance/img/2013/12/20/1387525004502_804.jpg","column_topicid":"TOPC1451526241359341"},{"column_name":"军事科技","channel_name":"CCTV-7 军事农业","column_logo":"http://p4.img.cctvpic.com/photoAlbum/page/performance/img/2013/12/20/1387525630199_936.jpg","column_topicid":"TOPC1451528087494889"},{"column_name":"军事纪实","channel_name":"CCTV-7 军事农业","column_logo":"http://p4.img.cctvpic.com/photoAlbum/page/performance/img/2013/12/20/1387525198743_925.jpg","column_topicid":"TOPC1451527993718730"},{"column_name":"军迷淘天下","channel_name":"CCTV-7 军事农业","column_logo":"http://p4.img.cctvpic.com/photoAlbum/page/performance/img/2013/12/20/1387524896193_990.jpg","column_topicid":"TOPC1451527807440524"},{"column_name":"军营大舞台(红星艺苑)","channel_name":"CCTV-7 军事农业","column_logo":"http://p4.img.cctvpic.com/photoAlbum/page/performance/img/2013/12/20/1387525778833_401.jpg","column_topicid":"TOPC1451528368832263"},{"column_name":"军旅文化·大视野","channel_name":"CCTV-7 军事农业","column_logo":"http://p1.img.cctvpic.com/nettv/ibugu/xinwen/C10626/ibugu/images/IMG1257325552587982.jpg","column_topicid":"TOPC1451527671593401"},{"column_name":"中国武警","channel_name":"CCTV-7 军事农业","column_logo":"http://p4.img.cctvpic.com/photoAlbum/page/performance/img/2013/12/20/1387525498419_411.jpg","column_topicid":"TOPC1451531813631790"},{"column_name":"军旅人生（原和平年代）","channel_name":"CCTV-7 军事农业","column_logo":"http://p4.img.cctvpic.com/photoAlbum/page/performance/img/2013/12/20/1387525336494_206.jpg","column_topicid":"TOPC1451526603303731"},{"column_name":"谁是终极英雄(超级战士)","channel_name":"CCTV-7 军事农业","column_logo":"http://p4.img.cctvpic.com/photoAlbum/page/performance/img/2013/12/20/1387526073329_618.jpg","column_topicid":"TOPC1451530272783201"},{"column_name":"百战经典","channel_name":"CCTV-7 军事农业","column_logo":"http://p4.img.cctvpic.com/photoAlbum/page/performance/img/2013/12/20/1387525420334_840.jpg","column_topicid":"TOPC1451524645131152"},{"column_name":"聚焦三农","channel_name":"CCTV-7 军事农业","column_logo":"http://p4.img.cctvpic.com/photoAlbum/page/performance/img/2013/12/20/1387526947320_473.jpg","column_topicid":"TOPC1451526399665499"},{"column_name":"科技苑","channel_name":"CCTV-7 军事农业","column_logo":"http://p4.img.cctvpic.com/photoAlbum/page/performance/img/2013/12/20/1387526880774_812.jpg","column_topicid":"TOPC1451529633904475"},{"column_name":"绿色时空","channel_name":"CCTV-7 军事农业","column_logo":"http://p4.img.cctvpic.com/photoAlbum/page/performance/img/2013/12/20/1387526188159_112.jpg","column_topicid":"TOPC1451529675277563"},{"column_name":"美丽中国乡村行","channel_name":"CCTV-7 军事农业","column_logo":"http://p4.img.cctvpic.com/photoAlbum/page/performance/img/2013/12/20/1387526310815_799.jpg","column_topicid":"TOPC1451529914652767"},{"column_name":"每日农经","channel_name":"CCTV-7 军事农业","column_logo":"http://p4.img.cctvpic.com/photoAlbum/page/performance/img/2013/12/20/1387527091643_389.jpg","column_topicid":"TOPC1451529868718691"},{"column_name":"农广天地","channel_name":"CCTV-7 军事农业","column_logo":"http://p4.img.cctvpic.com/photoAlbum/page/performance/img/2013/12/20/1387526790494_548.jpg","column_topicid":"TOPC1451529959344804"},{"column_name":"农业气象(沃野天机)","channel_name":"CCTV-7 军事农业","column_logo":"http://p4.img.cctvpic.com/photoAlbum/page/performance/img/2013/12/20/1387526397734_114.jpg","column_topicid":"TOPC1451530039249851"},{"column_name":"食尚大转盘","channel_name":"CCTV-7 军事农业","column_logo":"http://p1.img.cctvpic.com/photoAlbum/page/performance/img/2016/8/12/1470985723891_106.jpg","column_topicid":"TOPC1451530217716110"},{"column_name":"乡村法制剧场","channel_name":"CCTV-7 军事农业","column_logo":"http://p2.img.cctvpic.com/fmspic/vms/image/2015/02/27/VSET_1425018198976252.jpg","column_topicid":"TOPC1451530398598463"},{"column_name":"乡约","channel_name":"CCTV-7 军事农业","column_logo":"http://p4.img.cctvpic.com/photoAlbum/page/performance/img/2013/12/20/1387526657729_20.jpg","column_topicid":"TOPC1451530608772704"},{"column_name":"乡村大世界","channel_name":"CCTV-7 军事农业","column_logo":"http://p4.img.cctvpic.com/photoAlbum/page/performance/img/2013/12/20/1387526728205_245.jpg","column_topicid":"TOPC1451530364291378"},{"column_name":"乡土","channel_name":"CCTV-7 军事农业","column_logo":"http://p4.img.cctvpic.com/photoAlbum/page/performance/img/2013/12/20/1387526500426_411.jpg","column_topicid":"TOPC1451530496659548"},{"column_name":"阳光大道","channel_name":"CCTV-7 军事农业","column_logo":"http://p4.img.cctvpic.com/photoAlbum/page/performance/img/2013/12/20/1387526582821_908.jpg","column_topicid":"TOPC1451531682712574"},{"column_name":"健康乡村","channel_name":"CCTV-7 军事农业","column_logo":"http://p1.img.cctvpic.com/photoAlbum/page/performance/img/2017/4/5/1491373797639_603.jpg","column_topicid":"TOPC1489108977855330"},{"column_name":"健康到我家","channel_name":"CCTV-7 军事农业","column_logo":"http://p1.img.cctvpic.com/photoAlbum/page/performance/img/2017/4/5/1491374312412_645.jpg","column_topicid":"TOPC1484793778591972"}]},{"name":"CCTV-8 电视剧","list":[{"column_name":"影视俱乐部","channel_name":"CCTV-8 电视剧","column_logo":"http://p4.img.cctvpic.com/photoAlbum/page/performance/img/2013/12/20/1387527475517_393.jpg","column_topicid":"TOPC1451469901250966"},{"column_name":"星推荐","channel_name":"CCTV-8 电视剧","column_logo":"http://p2.img.cctvpic.com/fmspic/vms/image/2014/01/07/VSET_1389066144915498.jpg","column_topicid":"TOPC1451469943519994"},{"column_name":"影视同期声","channel_name":"CCTV-8 电视剧","column_logo":"http://p4.img.cctvpic.com/photoAlbum/page/performance/img/2013/12/20/1387527569633_436.jpg","column_topicid":"TOPC1451469804671799"}]},{"name":"CCTV-9 纪录","list":[{"column_name":"发现","channel_name":"CCTV-9 纪录","column_logo":"http://p4.img.cctvpic.com/photoAlbum/page/performance/img/2013/12/20/1387520747225_677.jpg","column_topicid":"TOPC1451469140766647"},{"column_name":"寰宇视野","channel_name":"CCTV-9 纪录","column_logo":"http://p4.img.cctvpic.com/photoAlbum/page/performance/img/2013/12/20/1387520817371_52.jpg","column_topicid":"TOPC1451469241240836"},{"column_name":"人文地理","channel_name":"CCTV-9 纪录","column_logo":"http://p4.img.cctvpic.com/photoAlbum/page/performance/img/2013/12/20/1387520866981_964.jpg","column_topicid":"TOPC1451469288523874"},{"column_name":"时代","channel_name":"CCTV-9 纪录","column_logo":"http://p4.img.cctvpic.com/photoAlbum/page/performance/img/2013/12/20/1387520932237_116.jpg","column_topicid":"TOPC1451469443160220"},{"column_name":"特别呈现","channel_name":"CCTV-9 纪录","column_logo":"http://p4.img.cctvpic.com/photoAlbum/page/performance/img/2013/12/20/1387520970722_666.jpg","column_topicid":"TOPC1451469533249395"},{"column_name":"万象","channel_name":"CCTV-9 纪录","column_logo":"http://p1.img.cctvpic.com/photoAlbum/page/performance/img/2016/4/6/1459923796851_771.jpg","column_topicid":"TOPC1451469567999459"},{"column_name":"真相","channel_name":"CCTV-9 纪录","column_logo":"http://p4.img.cctvpic.com/photoAlbum/page/performance/img/2013/12/20/1387521002870_675.jpg","column_topicid":"TOPC1451469617360656"},{"column_name":"自然","channel_name":"CCTV-9 纪录","column_logo":"http://p1.img.cctvpic.com/photoAlbum/page/performance/img/2016/4/6/1459923830959_382.jpg","column_topicid":"TOPC1451469660736687"}]}]